health_id,account_id,sub_id,snapshot_date,usage_score,login_frequency_30d,support_tickets_30d,days_to_renewal,health_score,risk_tier
HS-000001,ACC-00640,SUB-000001,2026-03-03,45,20,4,79,64.5,watch
HS-000002,ACC-00882,SUB-000002,2026-05-13,41,12,4,111,50.5,watch
HS-000003,ACC-01409,SUB-000003,2026-03-30,65,4,0,97,58.5,watch
HS-000004,ACC-01077,SUB-000004,2025-11-29,56,24,4,254,70.0,healthy
HS-000005,ACC-01027,SUB-000005,2026-03-01,65,10,0,191,67.5,healthy
HS-000006,ACC-00825,SUB-000006,2026-05-05,72,5,0,242,63.5,watch
HS-000007,ACC-01102,SUB-000007,2026-02-16,68,4,2,86,56.0,watch
HS-000008,ACC-00402,SUB-000008,2025-11-29,92,24,3,29,90.0,healthy
HS-000009,ACC-00405,SUB-000009,2026-01-15,23,2,6,102,22.5,high_risk
HS-000010,ACC-00107,SUB-000010,2026-05-08,93,15,2,96,85.0,healthy
HS-000011,ACC-00474,SUB-000011,2026-02-09,50,10,2,276,56.0,watch
HS-000012,ACC-00929,SUB-000012,2026-03-05,91,20,4,268,87.5,healthy
HS-000013,ACC-00065,SUB-000013,2026-02-22,79,24,0,295,89.5,healthy
HS-000014,ACC-00297,SUB-000014,2025-10-29,58,19,2,58,73.5,healthy
HS-000015,ACC-01448,SUB-000015,2026-03-03,45,7,1,164,51.0,watch
HS-000016,ACC-01658,SUB-000016,2025-11-18,42,14,4,124,54.0,watch
HS-000017,ACC-00605,SUB-000017,2026-05-03,42,25,3,94,65.0,healthy
HS-000018,ACC-01305,SUB-000018,2025-11-27,49,10,2,91,55.5,watch
HS-000019,ACC-00756,SUB-000019,2024-11-06,35,2,5,84,30.5,high_risk
HS-000020,ACC-00868,SUB-000020,2026-04-16,47,10,4,293,50.5,watch
HS-000021,ACC-00965,SUB-000021,2025-10-01,43,25,2,260,67.5,healthy
HS-000022,ACC-00237,SUB-000022,2026-04-09,94,16,1,279,89.0,healthy
HS-000023,ACC-00650,SUB-000023,2026-01-08,71,14,2,277,72.5,healthy
HS-000024,ACC-00445,SUB-000024,2025-09-21,42,4,4,240,39.0,high_risk
HS-000025,ACC-00721,SUB-000025,2026-01-21,66,6,2,212,58.0,watch
HS-000026,ACC-00793,SUB-000026,2026-03-21,72,10,4,200,63.0,watch
HS-000027,ACC-00926,SUB-000027,2026-03-08,86,4,0,242,69.0,healthy
HS-000028,ACC-00780,SUB-000028,2025-12-02,37,4,7,95,30.5,high_risk
HS-000029,ACC-00479,SUB-000029,2026-02-27,69,17,4,190,72.0,healthy
HS-000030,ACC-01362,SUB-000030,2024-06-08,24,1,6,99,21.5,high_risk
HS-000031,ACC-01511,SUB-000031,2025-10-13,89,13,1,127,82.0,healthy
HS-000032,ACC-01637,SUB-000032,2026-05-10,54,23,3,58,71.0,healthy
HS-000033,ACC-00305,SUB-000033,2026-02-14,48,15,0,146,66.5,healthy
HS-000034,ACC-01744,SUB-000034,2026-01-14,47,23,2,244,69.5,healthy
HS-000035,ACC-01480,SUB-000035,2026-01-05,48,9,3,293,51.5,watch
HS-000036,ACC-01265,SUB-000036,2026-06-08,68,19,0,131,82.5,healthy
HS-000037,ACC-00147,SUB-000037,2025-10-12,45,17,0,241,68.0,healthy
HS-000038,ACC-01352,SUB-000038,2026-03-29,30,4,2,89,37.0,high_risk
HS-000039,ACC-00673,SUB-000039,2026-01-06,65,6,1,40,59.5,watch
HS-000040,ACC-00425,SUB-000040,2026-01-23,93,16,2,174,86.5,healthy
HS-000041,ACC-00229,SUB-000041,2026-03-27,64,13,3,219,65.5,healthy
HS-000042,ACC-01057,SUB-000042,2025-12-14,24,3,5,85,26.5,high_risk
HS-000043,ACC-00730,SUB-000043,2026-02-21,85,20,0,126,92.5,healthy
HS-000044,ACC-01662,SUB-000044,2026-03-19,90,24,1,110,93.0,healthy
HS-000045,ACC-00144,SUB-000045,2026-02-13,95,4,2,113,69.5,healthy
HS-000046,ACC-01219,SUB-000046,2026-04-12,43,10,3,115,50.5,watch
HS-000047,ACC-00117,SUB-000047,2026-05-16,59,23,4,248,71.5,healthy
HS-000048,ACC-00200,SUB-000048,2026-02-10,71,4,0,109,61.5,watch
HS-000049,ACC-00760,SUB-000049,2025-05-24,24,1,7,109,19.5,high_risk
HS-000050,ACC-00374,SUB-000050,2026-01-24,93,25,4,131,88.5,healthy
HS-000051,ACC-00449,SUB-000051,2024-12-21,41,3,7,98,31.0,high_risk
HS-000052,ACC-00849,SUB-000052,2026-05-28,45,8,4,86,46.5,watch
HS-000053,ACC-00101,SUB-000053,2026-03-26,79,7,0,54,70.0,healthy
HS-000054,ACC-01130,SUB-000054,2026-02-01,53,17,0,166,72.0,healthy
HS-000055,ACC-01427,SUB-000055,2025-12-18,70,11,0,184,71.5,healthy
HS-000056,ACC-01555,SUB-000056,2025-12-26,13,3,6,98,19.0,high_risk
HS-000057,ACC-01752,SUB-000057,2026-04-21,45,10,4,99,49.5,watch
HS-000058,ACC-00748,SUB-000058,2026-03-24,52,16,4,236,62.0,watch
HS-000059,ACC-00994,SUB-000059,2025-12-23,79,10,4,95,66.5,healthy
HS-000060,ACC-00959,SUB-000060,2025-10-22,75,10,0,142,72.5,healthy
HS-000061,ACC-01291,SUB-000061,2025-07-10,45,0,2,105,38.5,high_risk
HS-000062,ACC-01077,SUB-000062,2026-02-09,55,20,1,140,75.5,healthy
HS-000063,ACC-00684,SUB-000063,2025-10-21,87,17,1,227,87.0,healthy
HS-000064,ACC-00706,SUB-000064,2026-04-26,59,4,2,275,51.5,watch
HS-000065,ACC-01372,SUB-000065,2025-11-01,44,22,2,206,68.0,healthy
HS-000066,ACC-00365,SUB-000066,2025-10-28,45,24,2,294,68.5,healthy
HS-000067,ACC-01277,SUB-000067,2026-04-06,72,6,0,25,65.0,healthy
HS-000068,ACC-01183,SUB-000068,2025-12-14,84,22,4,167,84.0,healthy
HS-000069,ACC-00715,SUB-000069,2026-03-15,91,21,1,104,93.5,healthy
HS-000070,ACC-00886,SUB-000070,2026-01-31,44,22,3,278,66.0,healthy
HS-000071,ACC-01506,SUB-000071,2025-01-12,31,4,5,101,31.5,high_risk
HS-000072,ACC-00163,SUB-000072,2026-03-17,42,5,0,285,48.5,watch
HS-000073,ACC-01410,SUB-000073,2024-10-26,14,0,9,70,9.0,high_risk
HS-000074,ACC-01084,SUB-000074,2026-02-03,49,7,3,173,49.0,watch
HS-000075,ACC-00062,SUB-000075,2025-10-18,73,10,0,66,71.5,healthy
HS-000076,ACC-00213,SUB-000076,2025-12-24,57,6,0,280,57.5,watch
HS-000077,ACC-00593,SUB-000077,2026-02-16,59,11,2,97,62.0,watch
HS-000078,ACC-00324,SUB-000078,2025-12-09,55,18,2,90,70.5,healthy
HS-000079,ACC-00555,SUB-000079,2026-01-15,78,12,0,273,77.0,healthy
HS-000080,ACC-00171,SUB-000080,2025-09-17,61,20,2,263,76.5,healthy
HS-000081,ACC-00968,SUB-000081,2025-10-15,42,7,1,86,49.5,watch
HS-000082,ACC-00692,SUB-000082,2025-09-14,82,23,1,61,89.0,healthy
HS-000083,ACC-00677,SUB-000083,2026-05-03,78,5,2,244,62.5,watch
HS-000084,ACC-01124,SUB-000084,2026-04-26,78,5,0,169,66.5,healthy
HS-000085,ACC-00297,SUB-000085,2026-01-29,87,21,3,109,87.5,healthy
HS-000086,ACC-00517,SUB-000086,2026-01-29,59,5,0,98,57.0,watch
HS-000087,ACC-01487,SUB-000087,2025-12-28,49,14,0,184,65.5,healthy
HS-000088,ACC-00012,SUB-000088,2024-09-05,34,1,3,63,32.5,high_risk
HS-000089,ACC-00091,SUB-000089,2025-11-20,88,8,3,170,70.0,healthy
HS-000090,ACC-01182,SUB-000090,2026-04-07,44,20,3,259,66.0,healthy
HS-000091,ACC-00249,SUB-000091,2025-11-24,93,24,4,232,88.5,healthy
HS-000092,ACC-01556,SUB-000092,2026-04-17,84,18,3,293,83.0,healthy
HS-000093,ACC-01301,SUB-000093,2025-10-19,84,8,4,233,66.0,healthy
HS-000094,ACC-01527,SUB-000094,2026-06-05,86,3,2,107,63.5,watch
HS-000095,ACC-01698,SUB-000095,2025-09-21,63,25,4,65,73.5,healthy
HS-000096,ACC-01181,SUB-000096,2026-05-02,45,25,2,52,68.5,healthy
HS-000097,ACC-01736,SUB-000097,2026-05-07,86,3,4,96,59.5,watch
HS-000098,ACC-00701,SUB-000098,2025-12-06,77,23,1,128,86.5,healthy
HS-000099,ACC-00079,SUB-000099,2026-05-07,64,14,0,79,73.0,healthy
HS-000100,ACC-01339,SUB-000100,2026-06-13,66,20,1,186,81.0,healthy
HS-000101,ACC-01268,SUB-000101,2026-04-01,60,7,4,283,52.5,watch
HS-000102,ACC-01543,SUB-000102,2026-05-18,42,12,4,233,51.0,watch
HS-000103,ACC-01753,SUB-000103,2026-05-19,92,14,2,234,83.0,healthy
HS-000104,ACC-01052,SUB-000104,2026-05-19,63,4,4,173,49.5,watch
HS-000105,ACC-01547,SUB-000105,2025-12-11,82,5,3,27,62.5,watch
HS-000106,ACC-00462,SUB-000106,2026-01-19,48,4,2,265,46.0,watch
HS-000107,ACC-00502,SUB-000107,2026-02-13,93,3,4,245,63.0,watch
HS-000108,ACC-00328,SUB-000108,2025-10-18,61,7,3,134,55.0,watch
HS-000109,ACC-01573,SUB-000109,2026-03-10,50,19,2,171,69.5,healthy
HS-000110,ACC-01295,SUB-000110,2026-04-02,54,10,1,184,60.0,watch
HS-000111,ACC-01716,SUB-000111,2026-05-04,95,8,0,50,79.5,healthy
HS-000112,ACC-00464,SUB-000112,2026-04-15,70,18,0,34,82.0,healthy
HS-000113,ACC-00305,SUB-000113,2026-03-20,55,9,2,297,57.0,watch
HS-000114,ACC-01163,SUB-000114,2026-03-21,52,13,0,243,65.5,healthy
HS-000115,ACC-00455,SUB-000115,2026-03-03,69,12,0,209,72.5,healthy
HS-000116,ACC-00315,SUB-000116,2025-10-01,43,19,4,123,62.0,watch
HS-000117,ACC-01663,SUB-000117,2025-02-20,20,4,8,114,20.0,high_risk
HS-000118,ACC-01032,SUB-000118,2026-05-13,56,6,3,71,51.0,watch
HS-000119,ACC-01205,SUB-000119,2026-07-08,54,13,2,132,62.5,watch
HS-000120,ACC-00546,SUB-000120,2025-12-27,77,6,4,97,59.5,watch
HS-000121,ACC-01252,SUB-000121,2025-12-25,92,14,2,251,83.0,healthy
HS-000122,ACC-01611,SUB-000122,2025-05-27,28,3,6,106,26.5,high_risk
HS-000123,ACC-01480,SUB-000123,2025-09-21,24,1,5,63,23.5,high_risk
HS-000124,ACC-00326,SUB-000124,2026-01-12,92,3,1,42,68.5,healthy
HS-000125,ACC-01565,SUB-000125,2025-12-09,75,5,4,80,57.0,watch
HS-000126,ACC-01472,SUB-000126,2025-11-28,82,19,2,140,85.5,healthy
HS-000127,ACC-00749,SUB-000127,2025-12-07,40,16,1,97,62.0,watch
HS-000128,ACC-01556,SUB-000128,2025-04-11,33,4,2,106,38.5,high_risk
HS-000129,ACC-00405,SUB-000129,2024-08-25,27,4,3,96,33.5,high_risk
HS-000130,ACC-00813,SUB-000130,2026-01-23,89,10,3,120,73.5,healthy
HS-000131,ACC-00733,SUB-000131,2026-01-30,53,5,1,124,52.0,watch
HS-000132,ACC-00540,SUB-000132,2026-04-16,87,14,2,226,80.5,healthy
HS-000133,ACC-00649,SUB-000133,2025-12-08,95,24,0,100,97.5,healthy
HS-000134,ACC-00102,SUB-000134,2026-03-22,40,23,4,29,62.0,watch
HS-000135,ACC-00275,SUB-000135,2025-07-05,33,1,6,108,26.0,high_risk
HS-000136,ACC-00182,SUB-000136,2025-09-20,92,24,4,98,88.0,healthy
HS-000137,ACC-01053,SUB-000137,2025-10-13,78,14,0,128,80.0,healthy
HS-000138,ACC-01416,SUB-000138,2026-02-26,89,11,3,186,75.0,healthy
HS-000139,ACC-00374,SUB-000139,2026-04-23,74,9,2,70,66.5,healthy
HS-000140,ACC-01196,SUB-000140,2026-01-21,67,6,1,42,60.5,watch
HS-000141,ACC-00824,SUB-000141,2026-04-03,86,11,0,252,79.5,healthy
HS-000142,ACC-01575,SUB-000142,2025-09-14,54,11,0,22,63.5,watch
HS-000143,ACC-01650,SUB-000143,2025-10-13,92,17,0,235,91.5,healthy
HS-000144,ACC-01335,SUB-000144,2026-05-01,46,3,4,132,39.5,high_risk
HS-000145,ACC-00570,SUB-000145,2026-06-02,94,17,1,178,90.5,healthy
HS-000146,ACC-01082,SUB-000146,2026-04-20,52,8,0,208,58.0,watch
HS-000147,ACC-00977,SUB-000147,2025-11-28,54,23,1,257,75.0,healthy
HS-000148,ACC-00481,SUB-000148,2025-12-18,52,6,3,187,49.0,watch
HS-000149,ACC-01716,SUB-000149,2026-03-25,92,20,3,71,90.0,healthy
HS-000150,ACC-01705,SUB-000150,2026-02-26,82,8,2,31,69.0,healthy
HS-000151,ACC-01330,SUB-000151,2025-03-22,13,0,4,80,18.5,high_risk
HS-000152,ACC-01736,SUB-000152,2026-02-19,71,25,2,296,81.5,healthy
HS-000153,ACC-01559,SUB-000153,2026-04-19,74,10,2,39,68.0,healthy
HS-000154,ACC-00921,SUB-000154,2026-05-08,51,7,4,262,48.0,watch
HS-000155,ACC-00483,SUB-000155,2026-01-15,40,24,4,271,62.0,watch
HS-000156,ACC-00129,SUB-000156,2025-11-22,81,18,4,153,79.5,healthy
HS-000157,ACC-00319,SUB-000157,2026-03-23,54,14,0,39,68.0,healthy
HS-000158,ACC-00014,SUB-000158,2026-03-11,91,16,2,112,85.5,healthy
HS-000159,ACC-00908,SUB-000159,2026-04-05,80,12,4,91,70.0,healthy
HS-000160,ACC-00627,SUB-000160,2025-09-12,59,5,3,139,51.0,watch
HS-000161,ACC-00739,SUB-000161,2026-01-09,58,18,3,115,70.0,healthy
HS-000162,ACC-00373,SUB-000162,2025-09-25,81,22,3,121,84.5,healthy
HS-000163,ACC-01328,SUB-000163,2026-03-15,40,14,2,61,57.0,watch
HS-000164,ACC-00307,SUB-000164,2025-11-25,87,23,3,22,87.5,healthy
HS-000165,ACC-00886,SUB-000165,2026-01-23,92,14,1,138,85.0,healthy
HS-000166,ACC-00749,SUB-000166,2026-05-26,58,10,2,159,60.0,watch
HS-000167,ACC-01311,SUB-000167,2026-06-14,63,21,4,281,73.5,healthy
HS-000168,ACC-00765,SUB-000168,2026-03-19,84,15,4,260,76.5,healthy
HS-000169,ACC-01408,SUB-000169,2026-07-01,58,10,1,272,62.0,watch
HS-000170,ACC-01240,SUB-000170,2024-12-24,23,0,6,100,19.5,high_risk
HS-000171,ACC-01739,SUB-000171,2025-09-09,10,1,2,74,22.5,high_risk
HS-000172,ACC-00299,SUB-000172,2026-05-21,43,20,0,23,71.5,healthy
HS-000173,ACC-00503,SUB-000173,2026-02-07,78,5,0,79,66.5,healthy
HS-000174,ACC-01334,SUB-000174,2025-12-29,40,18,2,211,63.0,watch
HS-000175,ACC-00615,SUB-000175,2026-06-17,74,16,1,56,79.0,healthy
HS-000176,ACC-01259,SUB-000176,2026-03-26,36,1,6,92,27.5,high_risk
HS-000177,ACC-01124,SUB-000177,2025-12-26,87,12,1,50,79.5,healthy
HS-000178,ACC-01759,SUB-000178,2025-12-12,53,12,2,265,60.5,watch
HS-000179,ACC-01641,SUB-000179,2025-12-10,62,3,4,95,47.5,watch
HS-000180,ACC-01612,SUB-000180,2026-02-03,75,7,4,293,60.0,watch
HS-000181,ACC-01226,SUB-000181,2026-04-12,65,5,1,254,58.0,watch
HS-000182,ACC-01539,SUB-000182,2026-04-18,77,13,4,294,70.0,healthy
HS-000183,ACC-01754,SUB-000183,2026-05-17,71,10,1,268,68.5,healthy
HS-000184,ACC-00651,SUB-000184,2026-03-30,59,15,1,198,70.0,healthy
HS-000185,ACC-01161,SUB-000185,2025-12-07,58,7,4,176,51.5,watch
HS-000186,ACC-00132,SUB-000186,2025-10-21,92,19,3,129,88.5,healthy
HS-000187,ACC-00015,SUB-000187,2025-10-16,51,4,1,105,49.5,watch
HS-000188,ACC-00719,SUB-000188,2026-02-18,73,10,1,84,69.5,healthy
HS-000189,ACC-00024,SUB-000189,2025-09-27,43,12,4,153,51.5,watch
HS-000190,ACC-00796,SUB-000190,2026-01-29,48,18,2,34,67.0,healthy
HS-000191,ACC-01323,SUB-000191,2026-03-11,64,14,2,185,69.0,healthy
HS-000192,ACC-00704,SUB-000192,2026-02-28,56,14,4,45,61.0,watch
HS-000193,ACC-00946,SUB-000193,2026-03-08,55,10,0,34,62.5,watch
HS-000194,ACC-01193,SUB-000194,2024-04-13,42,0,7,101,27.0,high_risk
HS-000195,ACC-00521,SUB-000195,2026-01-08,86,20,0,186,93.0,healthy
HS-000196,ACC-00541,SUB-000196,2026-04-14,56,10,4,287,55.0,watch
HS-000197,ACC-00415,SUB-000197,2026-05-12,70,10,3,156,64.0,watch
HS-000198,ACC-00383,SUB-000198,2026-05-08,77,21,2,163,84.5,healthy
HS-000199,ACC-00233,SUB-000199,2026-03-22,45,20,0,123,72.5,healthy
HS-000200,ACC-01522,SUB-000200,2026-03-19,58,4,3,96,49.0,watch
HS-000201,ACC-01664,SUB-000201,2026-04-25,86,12,3,68,75.0,healthy
HS-000202,ACC-00627,SUB-000202,2026-02-02,53,14,2,244,63.5,watch
HS-000203,ACC-00032,SUB-000203,2026-02-24,90,10,3,50,74.0,healthy
HS-000204,ACC-00661,SUB-000204,2026-03-06,95,13,2,197,83.0,healthy
HS-000205,ACC-00109,SUB-000205,2025-11-12,52,12,4,81,56.0,watch
HS-000206,ACC-01784,SUB-000206,2026-01-16,47,23,2,257,69.5,healthy
HS-000207,ACC-00027,SUB-000207,2025-10-11,82,6,4,48,62.0,watch
HS-000208,ACC-00601,SUB-000208,2026-06-03,56,21,1,93,76.0,healthy
HS-000209,ACC-00549,SUB-000209,2026-02-24,79,16,3,204,77.5,healthy
HS-000210,ACC-00441,SUB-000210,2026-05-26,74,23,2,73,83.0,healthy
HS-000211,ACC-01077,SUB-000211,2026-01-19,46,21,0,282,73.0,healthy
HS-000212,ACC-00987,SUB-000212,2026-02-28,89,17,2,182,86.0,healthy
HS-000213,ACC-00161,SUB-000213,2026-03-09,57,14,3,198,63.5,watch
HS-000214,ACC-00015,SUB-000214,2026-03-16,63,3,3,239,50.0,watch
HS-000215,ACC-01149,SUB-000215,2026-02-23,54,18,1,232,72.0,healthy
HS-000216,ACC-00380,SUB-000216,2026-02-14,94,9,2,138,76.5,healthy
HS-000217,ACC-01416,SUB-000217,2025-11-11,47,8,0,169,55.5,watch
HS-000218,ACC-01371,SUB-000218,2026-05-03,55,4,3,50,47.5,watch
HS-000219,ACC-01624,SUB-000219,2026-05-02,78,13,4,125,70.5,healthy
HS-000220,ACC-01494,SUB-000220,2026-05-21,56,8,4,220,52.0,watch
HS-000221,ACC-00174,SUB-000221,2026-02-09,49,10,0,45,59.5,watch
HS-000222,ACC-00897,SUB-000222,2026-03-02,65,14,2,274,69.5,healthy
HS-000223,ACC-00454,SUB-000223,2026-01-07,70,11,2,122,67.5,healthy
HS-000224,ACC-00835,SUB-000224,2026-06-25,65,18,1,186,77.5,healthy
HS-000225,ACC-00742,SUB-000225,2026-04-26,46,15,0,286,65.5,healthy
HS-000226,ACC-00341,SUB-000226,2026-01-25,59,4,1,279,53.5,watch
HS-000227,ACC-01617,SUB-000227,2025-10-10,91,11,0,128,82.0,healthy
HS-000228,ACC-00032,SUB-000228,2026-02-16,57,22,3,163,72.5,healthy
HS-000229,ACC-00775,SUB-000229,2025-09-30,91,22,1,206,93.5,healthy
HS-000230,ACC-01365,SUB-000230,2026-02-08,79,25,2,219,85.5,healthy
HS-000231,ACC-00188,SUB-000231,2026-06-18,91,6,2,169,70.5,healthy
HS-000232,ACC-01587,SUB-000232,2026-03-16,85,16,1,231,84.5,healthy
HS-000233,ACC-00627,SUB-000233,2025-10-11,94,5,4,295,66.5,healthy
HS-000234,ACC-00144,SUB-000234,2026-03-12,66,18,0,65,80.0,healthy
HS-000235,ACC-00151,SUB-000235,2026-05-04,67,5,4,67,53.0,watch
HS-000236,ACC-01232,SUB-000236,2025-11-01,64,17,1,115,75.5,healthy
HS-000237,ACC-00673,SUB-000237,2026-03-20,47,25,3,249,67.5,healthy
HS-000238,ACC-01238,SUB-000238,2025-12-04,77,11,0,172,75.0,healthy
HS-000239,ACC-01062,SUB-000239,2026-01-16,71,18,1,32,80.5,healthy
HS-000240,ACC-01277,SUB-000240,2026-01-08,61,10,1,246,63.5,watch
HS-000241,ACC-00704,SUB-000241,2025-11-14,77,17,4,71,76.0,healthy
HS-000242,ACC-00001,SUB-000242,2025-10-21,48,17,3,96,63.5,watch
HS-000243,ACC-00843,SUB-000243,2026-01-12,55,21,3,45,71.5,healthy
HS-000244,ACC-01154,SUB-000244,2026-04-27,54,4,0,258,53.0,watch
HS-000245,ACC-00100,SUB-000245,2026-03-04,53,25,1,59,74.5,healthy
HS-000246,ACC-00164,SUB-000246,2026-03-21,72,18,1,206,81.0,healthy
HS-000247,ACC-00359,SUB-000247,2025-12-28,36,1,4,64,31.5,high_risk
HS-000248,ACC-01325,SUB-000248,2026-04-06,72,17,4,72,73.5,healthy
HS-000249,ACC-00107,SUB-000249,2025-11-16,49,15,4,289,59.0,watch
HS-000250,ACC-00160,SUB-000250,2025-09-29,68,10,2,79,65.0,healthy
HS-000251,ACC-00647,SUB-000251,2026-05-07,62,24,4,256,73.0,healthy
HS-000252,ACC-01603,SUB-000252,2026-05-03,59,12,3,287,61.5,watch
HS-000253,ACC-00754,SUB-000253,2026-01-09,91,3,0,170,70.0,healthy
HS-000254,ACC-00097,SUB-000254,2025-12-21,79,24,2,253,85.5,healthy
HS-000255,ACC-00532,SUB-000255,2026-03-09,77,10,3,70,67.5,healthy
HS-000256,ACC-01337,SUB-000256,2025-11-14,94,16,1,40,89.0,healthy
HS-000257,ACC-01551,SUB-000257,2025-10-16,76,7,4,221,60.5,watch
HS-000258,ACC-00136,SUB-000258,2025-12-10,44,3,5,101,36.5,high_risk
HS-000259,ACC-00861,SUB-000259,2025-10-25,86,18,3,238,84.0,healthy
HS-000260,ACC-01403,SUB-000260,2026-02-02,79,15,3,137,76.0,healthy
HS-000261,ACC-01756,SUB-000261,2025-11-22,48,18,1,226,69.0,healthy
HS-000262,ACC-00929,SUB-000262,2026-05-26,41,17,2,208,62.0,watch
HS-000263,ACC-00647,SUB-000263,2026-05-26,56,3,4,161,44.5,high_risk
HS-000264,ACC-00316,SUB-000264,2026-04-03,85,9,4,138,68.0,healthy
HS-000265,ACC-00870,SUB-000265,2026-02-22,42,4,2,66,43.0,high_risk
HS-000266,ACC-01677,SUB-000266,2026-04-28,69,13,1,298,72.0,healthy
HS-000267,ACC-01345,SUB-000267,2026-03-25,40,23,3,26,64.0,watch
HS-000268,ACC-01661,SUB-000268,2026-02-28,70,23,4,277,77.0,healthy
HS-000269,ACC-00310,SUB-000269,2026-01-15,47,19,1,211,70.0,healthy
HS-000270,ACC-01593,SUB-000270,2025-10-31,85,5,3,238,64.0,watch
HS-000271,ACC-01180,SUB-000271,2025-11-06,26,0,4,95,25.0,high_risk
HS-000272,ACC-00410,SUB-000272,2026-05-30,48,20,0,94,74.0,healthy
HS-000273,ACC-01442,SUB-000273,2026-03-05,51,24,2,170,71.5,healthy
HS-000274,ACC-01312,SUB-000274,2025-11-14,67,5,3,186,55.0,watch
HS-000275,ACC-00990,SUB-000275,2026-04-14,70,25,2,241,81.0,healthy
HS-000276,ACC-00422,SUB-000276,2025-11-09,66,8,3,201,59.0,watch
HS-000277,ACC-01373,SUB-000277,2026-03-07,92,4,2,131,68.0,healthy
HS-000278,ACC-00214,SUB-000278,2026-02-18,52,21,1,121,74.0,healthy
HS-000279,ACC-00860,SUB-000279,2025-08-24,43,2,2,99,40.5,high_risk
HS-000280,ACC-01584,SUB-000280,2026-04-01,51,15,4,59,60.0,watch
HS-000281,ACC-01790,SUB-000281,2025-11-11,65,11,4,207,61.0,watch
HS-000282,ACC-00203,SUB-000282,2025-10-14,68,12,1,247,70.0,healthy
HS-000283,ACC-01695,SUB-000283,2026-03-14,93,13,4,154,78.0,healthy
HS-000284,ACC-00059,SUB-000284,2026-05-03,83,24,3,33,85.5,healthy
HS-000285,ACC-00507,SUB-000285,2026-03-29,59,17,1,44,73.0,healthy
HS-000286,ACC-01285,SUB-000286,2026-03-24,67,11,3,187,64.0,watch
HS-000287,ACC-00552,SUB-000287,2026-03-20,77,16,3,148,76.5,healthy
HS-000288,ACC-01739,SUB-000288,2026-03-25,47,19,4,59,64.0,watch
HS-000289,ACC-00658,SUB-000289,2025-11-19,66,20,0,270,83.0,healthy
HS-000290,ACC-01562,SUB-000290,2026-02-02,85,6,0,34,71.5,healthy
HS-000291,ACC-00705,SUB-000291,2026-04-21,68,21,3,260,78.0,healthy
HS-000292,ACC-00870,SUB-000292,2025-11-07,64,24,0,46,82.0,healthy
HS-000293,ACC-00806,SUB-000293,2026-03-01,50,3,0,147,49.5,watch
HS-000294,ACC-00737,SUB-000294,2025-10-23,59,7,1,281,58.0,watch
HS-000295,ACC-00982,SUB-000295,2025-07-31,20,1,5,81,21.5,high_risk
HS-000296,ACC-00030,SUB-000296,2025-12-19,51,7,0,179,56.0,watch
HS-000297,ACC-00648,SUB-000297,2026-04-10,50,11,2,225,57.5,watch
HS-000298,ACC-01045,SUB-000298,2026-02-25,80,23,0,95,90.0,healthy
HS-000299,ACC-01042,SUB-000299,2026-05-20,50,14,2,33,62.0,watch
HS-000300,ACC-00335,SUB-000300,2026-01-22,46,5,1,226,48.5,watch
HS-000301,ACC-00712,SUB-000301,2025-12-12,56,14,1,188,67.0,healthy
HS-000302,ACC-00069,SUB-000302,2025-12-22,46,17,3,183,62.5,watch
HS-000303,ACC-00551,SUB-000303,2025-10-31,85,22,4,132,84.5,healthy
HS-000304,ACC-00406,SUB-000304,2025-10-28,59,22,2,33,75.5,healthy
HS-000305,ACC-00639,SUB-000305,2026-03-02,66,7,4,266,55.5,watch
HS-000306,ACC-00504,SUB-000306,2026-06-09,83,18,1,50,86.5,healthy
HS-000307,ACC-00831,SUB-000307,2026-02-22,85,6,2,120,67.5,healthy
HS-000308,ACC-00414,SUB-000308,2024-02-22,10,3,3,79,23.5,high_risk
HS-000309,ACC-00490,SUB-000309,2026-06-16,91,8,4,276,69.5,healthy
HS-000310,ACC-01212,SUB-000310,2026-01-25,33,4,6,88,30.5,high_risk
HS-000311,ACC-01512,SUB-000311,2026-05-11,78,24,4,30,81.0,healthy
HS-000312,ACC-01416,SUB-000312,2025-10-31,78,21,4,78,81.0,healthy
HS-000313,ACC-00142,SUB-000313,2026-05-21,54,18,0,50,74.0,healthy
HS-000314,ACC-00340,SUB-000314,2026-01-19,59,21,0,273,79.5,healthy
HS-000315,ACC-01408,SUB-000315,2026-04-12,82,6,1,236,68.0,healthy
HS-000316,ACC-01562,SUB-000316,2026-01-22,67,20,4,47,75.5,healthy
HS-000317,ACC-01473,SUB-000317,2025-11-15,85,20,4,259,84.5,healthy
HS-000318,ACC-01645,SUB-000318,2024-08-05,42,2,2,72,40.0,high_risk
HS-000319,ACC-01537,SUB-000319,2026-04-10,49,23,3,267,68.5,healthy
HS-000320,ACC-01040,SUB-000320,2026-05-12,61,9,4,275,56.0,watch
HS-000321,ACC-01165,SUB-000321,2025-12-12,44,25,4,194,64.0,watch
HS-000322,ACC-01723,SUB-000322,2026-02-12,86,11,1,251,77.5,healthy
HS-000323,ACC-00546,SUB-000323,2026-05-04,54,21,3,272,71.0,healthy
HS-000324,ACC-00843,SUB-000324,2026-03-09,54,19,0,35,75.5,healthy
HS-000325,ACC-00477,SUB-000325,2025-07-05,26,0,6,102,21.0,high_risk
HS-000326,ACC-01505,SUB-000326,2026-02-21,50,23,3,179,69.0,healthy
HS-000327,ACC-01596,SUB-000327,2026-03-25,47,3,2,88,44.0,high_risk
HS-000328,ACC-01461,SUB-000328,2026-02-15,92,7,0,37,76.5,healthy
HS-000329,ACC-01640,SUB-000329,2025-11-14,63,20,3,109,75.5,healthy
HS-000330,ACC-01539,SUB-000330,2026-02-23,54,11,4,268,55.5,watch
HS-000331,ACC-01756,SUB-000331,2025-09-05,44,22,1,172,70.0,healthy
HS-000332,ACC-00410,SUB-000332,2026-03-07,45,5,2,244,46.0,watch
HS-000333,ACC-01342,SUB-000333,2026-01-07,65,17,2,269,74.0,healthy
HS-000334,ACC-00305,SUB-000334,2026-04-09,50,25,2,63,71.0,healthy
HS-000335,ACC-00171,SUB-000335,2026-01-23,46,13,3,55,56.5,watch
HS-000336,ACC-01698,SUB-000336,2025-10-28,52,5,1,163,51.5,watch
HS-000337,ACC-00801,SUB-000337,2026-02-05,49,6,4,254,45.5,watch
HS-000338,ACC-00801,SUB-000338,2026-03-14,56,18,3,78,69.0,healthy
HS-000339,ACC-00100,SUB-000339,2025-10-07,57,4,1,187,52.5,watch
HS-000340,ACC-00074,SUB-000340,2026-02-16,85,4,0,190,68.5,healthy
HS-000341,ACC-01199,SUB-000341,2026-05-28,73,11,0,249,73.0,healthy
HS-000342,ACC-01099,SUB-000342,2026-03-13,71,9,2,48,65.0,healthy
HS-000343,ACC-01761,SUB-000343,2025-11-12,76,18,2,154,81.0,healthy
HS-000344,ACC-01687,SUB-000344,2026-04-02,54,8,3,119,53.0,watch
HS-000345,ACC-00583,SUB-000345,2026-05-29,94,24,0,183,97.0,healthy
HS-000346,ACC-01009,SUB-000346,2026-05-03,75,23,4,87,79.5,healthy
HS-000347,ACC-00294,SUB-000347,2026-06-12,79,19,1,42,86.0,healthy
HS-000348,ACC-00830,SUB-000348,2026-03-15,49,5,1,125,50.0,watch
HS-000349,ACC-00910,SUB-000349,2025-10-06,41,11,2,41,53.0,watch
HS-000350,ACC-00513,SUB-000350,2026-02-10,81,19,3,28,83.0,healthy
HS-000351,ACC-01109,SUB-000351,2026-07-05,50,22,2,119,71.0,healthy
HS-000352,ACC-00447,SUB-000352,2026-05-14,66,7,4,254,55.5,watch
HS-000353,ACC-01681,SUB-000353,2026-02-24,89,11,2,83,77.0,healthy
HS-000354,ACC-00520,SUB-000354,2026-03-22,76,14,0,246,79.0,healthy
HS-000355,ACC-01774,SUB-000355,2026-03-18,74,13,2,297,72.5,healthy
HS-000356,ACC-01081,SUB-000356,2025-11-16,71,22,1,81,83.5,healthy
HS-000357,ACC-01645,SUB-000357,2025-11-18,95,4,1,262,71.5,healthy
HS-000358,ACC-01677,SUB-000358,2024-06-25,42,3,5,106,35.5,high_risk
HS-000359,ACC-00428,SUB-000359,2026-04-02,74,17,3,205,76.5,healthy
HS-000360,ACC-00576,SUB-000360,2025-03-14,35,0,4,93,29.5,high_risk
HS-000361,ACC-01042,SUB-000361,2026-05-03,66,22,2,182,79.0,healthy
HS-000362,ACC-00801,SUB-000362,2026-03-12,47,6,0,189,52.5,watch
HS-000363,ACC-00774,SUB-000363,2026-02-12,45,15,0,191,65.0,healthy
HS-000364,ACC-00671,SUB-000364,2025-11-17,91,15,3,192,82.0,healthy
HS-000365,ACC-01230,SUB-000365,2025-10-16,88,6,1,157,71.0,healthy
HS-000366,ACC-00610,SUB-000366,2026-04-24,47,7,4,95,46.0,watch
HS-000367,ACC-00815,SUB-000367,2025-09-07,44,3,2,106,42.5,high_risk
HS-000368,ACC-01416,SUB-000368,2026-02-12,75,23,2,112,83.5,healthy
HS-000369,ACC-01744,SUB-000369,2026-01-22,68,22,3,183,78.0,healthy
HS-000370,ACC-00955,SUB-000370,2026-01-13,58,14,0,276,70.0,healthy
HS-000371,ACC-01081,SUB-000371,2025-12-17,60,11,4,285,58.5,watch
HS-000372,ACC-00806,SUB-000372,2025-12-11,78,19,0,218,87.5,healthy
HS-000373,ACC-01063,SUB-000373,2026-06-09,59,10,4,300,56.5,watch
HS-000374,ACC-00054,SUB-000374,2026-05-12,72,19,4,167,76.5,healthy
HS-000375,ACC-01170,SUB-000375,2025-12-27,89,11,0,222,81.0,healthy
HS-000376,ACC-01406,SUB-000376,2026-05-12,49,15,4,37,59.0,watch
HS-000377,ACC-00184,SUB-000377,2025-11-25,78,12,0,196,77.0,healthy
HS-000378,ACC-00194,SUB-000378,2026-03-25,46,21,4,29,65.0,healthy
HS-000379,ACC-01274,SUB-000379,2026-02-25,40,18,3,275,61.0,watch
HS-000380,ACC-00125,SUB-000380,2026-02-21,43,20,4,66,63.5,watch
HS-000381,ACC-00853,SUB-000381,2025-12-14,54,3,1,132,49.5,watch
HS-000382,ACC-01638,SUB-000382,2026-02-15,52,15,3,249,62.5,watch
HS-000383,ACC-01004,SUB-000383,2026-03-30,13,2,4,96,21.5,high_risk
HS-000384,ACC-01342,SUB-000384,2025-09-21,77,7,2,139,65.0,healthy
HS-000385,ACC-01742,SUB-000385,2025-12-25,46,25,1,249,71.0,healthy
HS-000386,ACC-01242,SUB-000386,2026-04-08,90,10,1,211,78.0,healthy
HS-000387,ACC-00980,SUB-000387,2026-02-08,55,7,2,286,54.0,watch
HS-000388,ACC-01455,SUB-000388,2025-09-13,90,11,0,175,81.5,healthy
HS-000389,ACC-01579,SUB-000389,2026-04-21,67,8,3,160,59.5,watch
HS-000390,ACC-00018,SUB-000390,2026-03-02,48,6,1,77,51.0,watch
HS-000391,ACC-00480,SUB-000391,2026-04-16,87,13,2,159,79.0,healthy
HS-000392,ACC-00756,SUB-000392,2025-12-24,81,19,2,27,85.0,healthy
HS-000393,ACC-01489,SUB-000393,2026-03-18,83,12,3,57,73.5,healthy
HS-000394,ACC-01260,SUB-000394,2026-05-22,83,25,0,219,91.5,healthy
HS-000395,ACC-00814,SUB-000395,2025-10-09,44,0,2,91,38.0,high_risk
HS-000396,ACC-01619,SUB-000396,2026-04-09,55,18,3,270,68.5,healthy
HS-000397,ACC-00288,SUB-000397,2026-02-02,40,22,2,68,66.0,healthy
HS-000398,ACC-00542,SUB-000398,2026-02-25,29,3,2,88,35.0,high_risk
HS-000399,ACC-00134,SUB-000399,2026-02-23,95,18,1,49,92.5,healthy
HS-000400,ACC-00869,SUB-000400,2025-12-25,42,10,1,172,54.0,watch
HS-000401,ACC-00980,SUB-000401,2026-05-27,58,12,0,72,67.0,healthy
HS-000402,ACC-00390,SUB-000402,2026-03-11,44,17,4,195,59.5,watch
HS-000403,ACC-01600,SUB-000403,2025-10-26,85,23,1,178,90.5,healthy
HS-000404,ACC-01728,SUB-000404,2026-02-18,65,5,2,192,56.0,watch
HS-000405,ACC-00431,SUB-000405,2025-11-26,92,4,0,100,72.0,healthy
HS-000406,ACC-01389,SUB-000406,2025-05-26,11,2,5,65,18.5,high_risk
HS-000407,ACC-01190,SUB-000407,2026-03-11,73,16,4,237,72.5,healthy
HS-000408,ACC-01018,SUB-000408,2026-01-25,37,3,9,82,25.0,high_risk
HS-000409,ACC-01104,SUB-000409,2026-04-12,58,15,4,276,63.5,watch
HS-000410,ACC-00851,SUB-000410,2026-02-17,64,10,1,97,65.0,healthy
HS-000411,ACC-01483,SUB-000411,2026-05-14,76,12,4,68,68.0,healthy
HS-000412,ACC-00055,SUB-000412,2025-11-04,72,14,1,63,75.0,healthy
HS-000413,ACC-00965,SUB-000413,2026-05-31,84,19,3,37,84.5,healthy
HS-000414,ACC-01136,SUB-000414,2026-04-27,88,12,3,77,76.0,healthy
HS-000415,ACC-00701,SUB-000415,2026-03-28,70,4,1,263,59.0,watch
HS-000416,ACC-00319,SUB-000416,2026-02-04,79,7,2,219,66.0,healthy
HS-000417,ACC-01602,SUB-000417,2025-10-07,74,10,0,176,72.0,healthy
HS-000418,ACC-01463,SUB-000418,2025-11-14,57,8,2,34,56.5,watch
HS-000419,ACC-01573,SUB-000419,2025-09-13,91,19,1,141,92.0,healthy
HS-000420,ACC-00813,SUB-000420,2026-03-20,89,11,1,230,79.0,healthy
HS-000421,ACC-00601,SUB-000421,2025-10-04,37,2,9,103,23.5,high_risk
HS-000422,ACC-01030,SUB-000422,2025-09-22,53,7,1,271,55.0,watch
HS-000423,ACC-01085,SUB-000423,2026-03-12,56,21,1,104,76.0,healthy
HS-000424,ACC-00513,SUB-000424,2026-04-17,55,10,1,176,60.5,watch
HS-000425,ACC-00637,SUB-000425,2026-05-29,65,5,4,226,52.0,watch
HS-000426,ACC-00849,SUB-000426,2024-08-17,28,3,2,82,34.5,high_risk
HS-000427,ACC-01694,SUB-000427,2025-11-10,77,7,3,149,63.0,watch
HS-000428,ACC-00814,SUB-000428,2025-11-23,41,14,3,203,55.5,watch
HS-000429,ACC-00732,SUB-000429,2025-09-05,50,15,0,239,67.5,healthy
HS-000430,ACC-01676,SUB-000430,2026-04-13,52,11,1,287,60.5,watch
HS-000431,ACC-00102,SUB-000431,2026-04-25,49,13,4,44,56.0,watch
HS-000432,ACC-01350,SUB-000432,2026-02-26,60,15,1,62,70.5,healthy
HS-000433,ACC-00481,SUB-000433,2026-01-16,57,18,3,44,69.5,healthy
HS-000434,ACC-01648,SUB-000434,2026-02-17,86,12,0,172,81.0,healthy
HS-000435,ACC-00215,SUB-000435,2026-03-17,57,6,2,94,53.5,watch
HS-000436,ACC-01280,SUB-000436,2025-10-30,60,15,1,236,70.5,healthy
HS-000437,ACC-01593,SUB-000437,2026-04-25,95,15,0,151,90.0,healthy
HS-000438,ACC-01456,SUB-000438,2025-11-06,59,10,0,33,64.5,watch
HS-000439,ACC-00488,SUB-000439,2025-10-19,50,12,3,221,57.0,watch
HS-000440,ACC-00809,SUB-000440,2025-12-18,84,3,2,131,62.5,watch
HS-000441,ACC-00981,SUB-000441,2026-04-25,93,9,4,266,72.0,healthy
HS-000442,ACC-00404,SUB-000442,2025-09-03,53,17,2,264,68.0,healthy
HS-000443,ACC-00303,SUB-000443,2026-05-04,64,22,1,272,80.0,healthy
HS-000444,ACC-00446,SUB-000444,2025-10-02,86,18,1,176,88.0,healthy
HS-000445,ACC-00780,SUB-000445,2026-03-02,56,8,3,281,54.0,watch
HS-000446,ACC-01437,SUB-000446,2025-12-23,90,25,0,110,95.0,healthy
HS-000447,ACC-00356,SUB-000447,2024-04-30,44,3,8,109,30.5,high_risk
HS-000448,ACC-00660,SUB-000448,2026-04-07,48,19,1,238,70.5,healthy
HS-000449,ACC-00559,SUB-000449,2026-04-07,50,11,4,256,53.5,watch
HS-000450,ACC-01625,SUB-000450,2026-01-05,78,21,4,166,81.0,healthy
HS-000451,ACC-01418,SUB-000451,2025-09-15,44,21,2,39,68.0,healthy
HS-000452,ACC-00946,SUB-000452,2025-11-04,85,20,0,110,92.5,healthy
HS-000453,ACC-01223,SUB-000453,2025-10-09,62,15,0,25,73.5,healthy
HS-000454,ACC-00450,SUB-000454,2026-01-01,42,20,3,261,65.0,healthy
HS-000455,ACC-00739,SUB-000455,2026-02-24,49,13,4,221,56.0,watch
HS-000456,ACC-00202,SUB-000456,2026-06-16,57,19,0,35,77.0,healthy
HS-000457,ACC-01517,SUB-000457,2025-11-19,94,8,2,255,75.0,healthy
HS-000458,ACC-00009,SUB-000458,2024-08-25,14,3,7,118,17.5,high_risk
HS-000459,ACC-01013,SUB-000459,2025-11-12,79,9,4,234,65.0,healthy
HS-000460,ACC-01146,SUB-000460,2025-12-20,44,8,0,192,54.0,watch
HS-000461,ACC-00101,SUB-000461,2026-05-05,47,14,1,277,62.5,watch
HS-000462,ACC-00418,SUB-000462,2026-05-18,86,18,4,235,82.0,healthy
HS-000463,ACC-00174,SUB-000463,2025-12-29,69,18,0,78,81.5,healthy
HS-000464,ACC-00606,SUB-000464,2025-10-28,77,15,1,28,79.0,healthy
HS-000465,ACC-01176,SUB-000465,2026-03-15,82,10,1,214,74.0,healthy
HS-000466,ACC-00670,SUB-000466,2026-03-28,71,3,3,210,54.0,watch
HS-000467,ACC-00434,SUB-000467,2026-01-27,83,20,0,126,91.5,healthy
HS-000468,ACC-00337,SUB-000468,2025-01-18,40,4,7,120,32.0,high_risk
HS-000469,ACC-01276,SUB-000469,2025-11-14,84,7,1,187,70.5,healthy
HS-000470,ACC-01494,SUB-000470,2026-01-01,95,10,2,54,78.5,healthy
HS-000471,ACC-01719,SUB-000471,2026-03-09,77,3,2,204,59.0,watch
HS-000472,ACC-00057,SUB-000472,2025-10-31,54,25,4,201,69.0,healthy
HS-000473,ACC-00619,SUB-000473,2025-07-06,33,1,6,112,26.0,high_risk
HS-000474,ACC-01471,SUB-000474,2025-07-19,13,2,2,63,25.5,high_risk
HS-000475,ACC-01341,SUB-000475,2025-04-26,27,2,3,107,30.5,high_risk
HS-000476,ACC-01285,SUB-000476,2026-05-20,86,15,3,228,79.5,healthy
HS-000477,ACC-01374,SUB-000477,2026-05-25,63,20,4,42,73.5,healthy
HS-000478,ACC-01152,SUB-000478,2026-03-06,76,8,2,128,66.0,healthy
HS-000479,ACC-01395,SUB-000479,2026-02-25,45,13,4,281,54.0,watch
HS-000480,ACC-01797,SUB-000480,2026-01-25,50,7,2,270,51.5,watch
HS-000481,ACC-01031,SUB-000481,2026-05-03,50,6,0,230,54.0,watch
HS-000482,ACC-00031,SUB-000482,2025-11-13,65,24,0,102,82.5,healthy
HS-000483,ACC-01653,SUB-000483,2026-02-27,73,5,2,279,60.0,watch
HS-000484,ACC-00926,SUB-000484,2025-12-28,62,16,4,68,67.0,healthy
HS-000485,ACC-01483,SUB-000485,2025-09-27,75,6,2,152,62.5,watch
HS-000486,ACC-00036,SUB-000486,2026-02-24,64,5,0,181,59.5,watch
HS-000487,ACC-00975,SUB-000487,2026-01-28,75,10,1,213,70.5,healthy
HS-000488,ACC-00904,SUB-000488,2025-11-14,88,23,2,165,90.0,healthy
HS-000489,ACC-01551,SUB-000489,2026-02-20,58,17,2,137,70.5,healthy
HS-000490,ACC-01772,SUB-000490,2026-05-05,54,12,1,240,63.0,watch
HS-000491,ACC-00990,SUB-000491,2026-03-09,75,11,2,222,70.0,healthy
HS-000492,ACC-01360,SUB-000492,2025-10-21,86,5,0,188,70.5,healthy
HS-000493,ACC-01398,SUB-000493,2025-12-03,65,20,0,229,82.5,healthy
HS-000494,ACC-00246,SUB-000494,2026-05-30,78,15,2,49,77.5,healthy
HS-000495,ACC-00654,SUB-000495,2025-11-23,68,19,3,239,76.5,healthy
HS-000496,ACC-01696,SUB-000496,2025-10-30,41,5,3,298,42.0,high_risk
HS-000497,ACC-01563,SUB-000497,2026-03-12,83,22,3,69,85.5,healthy
HS-000498,ACC-00043,SUB-000498,2025-05-28,28,3,5,61,28.5,high_risk
HS-000499,ACC-01101,SUB-000499,2025-10-12,58,20,0,96,79.0,healthy
HS-000500,ACC-00796,SUB-000500,2025-10-10,78,18,1,274,84.0,healthy
HS-000501,ACC-00422,SUB-000501,2026-07-01,40,6,4,238,41.0,high_risk
HS-000502,ACC-00771,SUB-000502,2025-12-26,65,14,1,74,71.5,healthy
HS-000503,ACC-01219,SUB-000503,2025-04-02,40,2,7,101,29.0,high_risk
HS-000504,ACC-01748,SUB-000504,2026-02-01,60,20,4,299,72.0,healthy
HS-000505,ACC-00455,SUB-000505,2026-03-19,52,20,3,171,70.0,healthy
HS-000506,ACC-00703,SUB-000506,2026-06-11,93,10,4,31,73.5,healthy
HS-000507,ACC-01520,SUB-000507,2025-11-12,73,11,0,175,73.0,healthy
HS-000508,ACC-00125,SUB-000508,2026-05-29,69,21,2,197,80.5,healthy
HS-000509,ACC-01199,SUB-000509,2025-10-11,52,20,0,195,76.0,healthy
HS-000510,ACC-01392,SUB-000510,2025-10-26,85,17,4,260,80.0,healthy
HS-000511,ACC-01348,SUB-000511,2026-03-25,73,5,2,237,60.0,watch
HS-000512,ACC-01430,SUB-000512,2026-04-19,52,23,0,84,76.0,healthy
HS-000513,ACC-01170,SUB-000513,2026-02-16,24,1,9,115,15.5,high_risk
HS-000514,ACC-01669,SUB-000514,2026-03-16,53,22,0,221,76.5,healthy
HS-000515,ACC-01079,SUB-000515,2026-01-06,89,22,3,125,88.5,healthy
HS-000516,ACC-00043,SUB-000516,2025-10-13,65,19,3,216,75.0,healthy
HS-000517,ACC-01504,SUB-000517,2025-11-25,77,16,2,275,78.5,healthy
HS-000518,ACC-00082,SUB-000518,2026-04-06,74,5,3,202,58.5,watch
HS-000519,ACC-00230,SUB-000519,2026-02-04,57,4,4,241,46.5,watch
HS-000520,ACC-01209,SUB-000520,2024-10-04,16,4,9,109,16.0,high_risk
HS-000521,ACC-00618,SUB-000521,2025-12-06,47,5,3,181,45.0,watch
HS-000522,ACC-00291,SUB-000522,2024-07-30,36,1,6,112,27.5,high_risk
HS-000523,ACC-00708,SUB-000523,2026-01-08,43,16,0,98,65.5,healthy
HS-000524,ACC-00256,SUB-000524,2025-07-04,17,0,3,116,22.5,high_risk
HS-000525,ACC-00423,SUB-000525,2026-03-16,34,1,8,99,22.5,high_risk
HS-000526,ACC-00121,SUB-000526,2025-10-31,79,16,3,103,77.5,healthy
HS-000527,ACC-01613,SUB-000527,2026-03-22,39,4,5,73,35.5,high_risk
HS-000528,ACC-00162,SUB-000528,2026-03-03,91,8,3,126,71.5,healthy
HS-000529,ACC-00434,SUB-000529,2025-09-22,52,5,4,231,45.5,watch
HS-000530,ACC-00128,SUB-000530,2025-09-09,51,12,1,235,61.5,watch
HS-000531,ACC-00073,SUB-000531,2025-09-17,44,7,0,42,52.5,watch
HS-000532,ACC-00338,SUB-000532,2025-10-23,70,20,4,249,77.0,healthy
HS-000533,ACC-01031,SUB-000533,2026-03-12,67,17,0,209,79.0,healthy
HS-000534,ACC-00527,SUB-000534,2025-12-17,77,5,2,259,62.0,watch
HS-000535,ACC-00788,SUB-000535,2026-05-24,44,8,4,298,46.0,watch
HS-000536,ACC-00452,SUB-000536,2026-06-22,83,21,2,202,87.5,healthy
HS-000537,ACC-00667,SUB-000537,2026-01-02,45,15,2,217,61.0,watch
HS-000538,ACC-00818,SUB-000538,2026-05-18,71,24,0,199,85.5,healthy
HS-000539,ACC-01663,SUB-000539,2026-05-10,40,16,3,197,58.0,watch
HS-000540,ACC-00861,SUB-000540,2026-03-08,75,13,1,45,75.0,healthy
HS-000541,ACC-00792,SUB-000541,2026-05-15,56,13,2,260,63.5,watch
HS-000542,ACC-01773,SUB-000542,2025-09-13,65,20,2,113,78.5,healthy
HS-000543,ACC-00652,SUB-000543,2026-03-16,49,7,0,29,55.0,watch
HS-000544,ACC-01352,SUB-000544,2025-11-15,90,14,4,264,78.0,healthy
HS-000545,ACC-00742,SUB-000545,2025-01-30,38,2,3,79,36.0,high_risk
HS-000546,ACC-01062,SUB-000546,2026-01-12,48,23,0,62,74.0,healthy
HS-000547,ACC-01167,SUB-000547,2026-06-26,82,3,1,166,63.5,watch
HS-000548,ACC-01524,SUB-000548,2025-11-25,19,0,8,106,13.5,high_risk
HS-000549,ACC-00196,SUB-000549,2025-10-04,94,8,0,275,79.0,healthy
HS-000550,ACC-00082,SUB-000550,2025-08-14,11,2,8,86,12.5,high_risk
HS-000551,ACC-01591,SUB-000551,2025-10-05,70,23,0,81,85.0,healthy
HS-000552,ACC-00854,SUB-000552,2025-09-23,79,15,1,83,80.0,healthy
HS-000553,ACC-00468,SUB-000553,2026-04-20,67,18,0,95,80.5,healthy
HS-000554,ACC-00869,SUB-000554,2025-06-14,25,0,6,84,20.5,high_risk
HS-000555,ACC-00919,SUB-000555,2025-12-07,72,10,3,206,65.0,healthy
HS-000556,ACC-00575,SUB-000556,2026-05-30,87,24,0,228,93.5,healthy
HS-000557,ACC-01569,SUB-000557,2025-10-31,62,20,0,135,81.0,healthy
HS-000558,ACC-00419,SUB-000558,2025-10-27,91,16,1,105,87.5,healthy
HS-000559,ACC-00213,SUB-000559,2026-05-06,95,4,4,212,65.5,healthy
HS-000560,ACC-01005,SUB-000560,2026-04-29,83,3,1,71,64.0,watch
HS-000561,ACC-00124,SUB-000561,2025-08-03,25,0,7,61,18.5,high_risk
HS-000562,ACC-01541,SUB-000562,2025-11-17,93,10,4,153,73.5,healthy
HS-000563,ACC-01117,SUB-000563,2025-09-25,75,9,2,291,67.0,healthy
HS-000564,ACC-01188,SUB-000564,2026-06-22,84,11,3,23,72.5,healthy
HS-000565,ACC-01035,SUB-000565,2026-03-18,56,25,3,174,72.0,healthy
HS-000566,ACC-00519,SUB-000566,2025-05-13,10,3,6,119,17.5,high_risk
HS-000567,ACC-01650,SUB-000567,2026-02-14,59,12,2,77,63.5,watch
HS-000568,ACC-01548,SUB-000568,2025-10-04,92,14,3,239,81.0,healthy
HS-000569,ACC-00431,SUB-000569,2026-01-27,45,22,3,115,66.5,healthy
HS-000570,ACC-01005,SUB-000570,2026-06-06,54,8,1,112,57.0,watch
HS-000571,ACC-00316,SUB-000571,2025-11-21,40,6,4,267,41.0,high_risk
HS-000572,ACC-00988,SUB-000572,2025-11-16,45,4,1,88,46.5,watch
HS-000573,ACC-00870,SUB-000573,2026-04-09,65,13,4,22,64.0,watch
HS-000574,ACC-01688,SUB-000574,2025-10-08,49,15,3,37,61.0,watch
HS-000575,ACC-00820,SUB-000575,2025-12-13,82,5,0,134,68.5,healthy
HS-000576,ACC-00449,SUB-000576,2025-09-05,74,9,0,29,70.5,healthy
HS-000577,ACC-00653,SUB-000577,2026-01-13,61,23,4,64,72.5,healthy
HS-000578,ACC-01642,SUB-000578,2025-11-10,82,18,1,62,86.0,healthy
HS-000579,ACC-01156,SUB-000579,2026-02-21,25,0,6,68,20.5,high_risk
HS-000580,ACC-00889,SUB-000580,2026-05-15,45,20,2,51,68.5,healthy
HS-000581,ACC-01512,SUB-000581,2025-11-02,32,1,9,74,19.5,high_risk
HS-000582,ACC-00786,SUB-000582,2026-07-08,45,20,3,221,66.5,healthy
HS-000583,ACC-00557,SUB-000583,2026-05-17,95,16,3,115,85.5,healthy
HS-000584,ACC-00631,SUB-000584,2026-02-25,57,6,1,281,55.5,watch
HS-000585,ACC-00689,SUB-000585,2026-05-14,61,3,1,284,53.0,watch
HS-000586,ACC-00312,SUB-000586,2025-12-23,47,4,0,201,49.5,watch
HS-000587,ACC-00371,SUB-000587,2026-02-25,50,8,2,111,53.0,watch
HS-000588,ACC-00985,SUB-000588,2026-01-13,56,11,0,224,64.5,watch
HS-000589,ACC-00699,SUB-000589,2025-10-22,45,14,4,110,55.5,watch
HS-000590,ACC-01267,SUB-000590,2026-03-27,48,4,4,271,42.0,high_risk
HS-000591,ACC-01585,SUB-000591,2025-11-15,84,24,2,296,88.0,healthy
HS-000592,ACC-00336,SUB-000592,2026-02-12,44,20,1,106,70.0,healthy
HS-000593,ACC-01271,SUB-000593,2025-12-04,91,13,4,80,77.0,healthy
HS-000594,ACC-01778,SUB-000594,2026-01-01,54,8,0,78,59.0,watch
HS-000595,ACC-00699,SUB-000595,2026-01-08,50,11,2,213,57.5,watch
HS-000596,ACC-00256,SUB-000596,2026-04-30,89,14,0,282,85.5,healthy
HS-000597,ACC-00885,SUB-000597,2026-03-03,43,19,0,231,70.0,healthy
HS-000598,ACC-01061,SUB-000598,2024-10-12,17,3,2,93,29.0,high_risk
HS-000599,ACC-01007,SUB-000599,2026-03-01,41,0,5,81,30.5,high_risk
HS-000600,ACC-01587,SUB-000600,2026-03-30,73,25,2,246,82.5,healthy
HS-000601,ACC-01780,SUB-000601,2026-02-20,49,11,1,50,59.0,watch
HS-000602,ACC-01462,SUB-000602,2025-11-29,69,4,1,240,58.5,watch
HS-000603,ACC-00006,SUB-000603,2025-11-26,76,14,4,115,71.0,healthy
HS-000604,ACC-00364,SUB-000604,2025-12-21,70,3,3,115,53.5,watch
HS-000605,ACC-01330,SUB-000605,2026-02-18,93,23,4,100,88.5,healthy
HS-000606,ACC-00731,SUB-000606,2026-05-31,84,11,3,295,72.5,healthy
HS-000607,ACC-01266,SUB-000607,2026-04-25,93,5,3,93,68.0,healthy
HS-000608,ACC-01394,SUB-000608,2026-04-18,81,10,3,46,69.5,healthy
HS-000609,ACC-01678,SUB-000609,2025-07-07,21,3,3,84,29.0,high_risk
HS-000610,ACC-01193,SUB-000610,2025-09-23,45,15,3,112,59.0,watch
HS-000611,ACC-01222,SUB-000611,2025-11-23,43,7,1,169,50.0,watch
HS-000612,ACC-00532,SUB-000612,2026-04-21,42,8,3,102,47.0,watch
HS-000613,ACC-01286,SUB-000613,2024-06-26,16,0,5,60,18.0,high_risk
HS-000614,ACC-00507,SUB-000614,2026-02-15,93,8,0,64,78.5,healthy
HS-000615,ACC-00332,SUB-000615,2026-03-17,29,1,3,113,30.0,high_risk
HS-000616,ACC-00797,SUB-000616,2026-01-30,74,11,0,188,73.5,healthy
HS-000617,ACC-01092,SUB-000617,2026-01-25,45,24,0,284,72.5,healthy
HS-000618,ACC-01738,SUB-000618,2026-03-07,54,4,3,138,47.0,watch
HS-000619,ACC-00038,SUB-000619,2026-04-21,54,21,3,93,71.0,healthy
HS-000620,ACC-00388,SUB-000620,2025-09-08,70,8,4,250,59.0,watch
HS-000621,ACC-01605,SUB-000621,2026-06-21,44,9,0,174,55.5,watch
HS-000622,ACC-00621,SUB-000622,2026-03-20,94,10,4,260,74.0,healthy
HS-000623,ACC-01626,SUB-000623,2025-11-08,72,3,4,23,52.5,watch
HS-000624,ACC-01446,SUB-000624,2025-03-17,10,3,9,99,11.5,high_risk
HS-000625,ACC-01226,SUB-000625,2026-03-15,58,8,3,253,55.0,watch
HS-000626,ACC-01564,SUB-000626,2026-05-14,78,17,4,208,76.5,healthy
HS-000627,ACC-00177,SUB-000627,2026-03-16,63,10,4,53,58.5,watch
HS-000628,ACC-00596,SUB-000628,2026-02-24,73,13,2,54,72.0,healthy
HS-000629,ACC-00405,SUB-000629,2026-03-21,47,25,3,153,67.5,healthy
HS-000630,ACC-01679,SUB-000630,2026-01-23,74,24,2,82,83.0,healthy
HS-000631,ACC-00377,SUB-000631,2025-11-29,56,11,1,134,62.5,watch
HS-000632,ACC-01562,SUB-000632,2026-06-18,56,11,0,109,64.5,watch
HS-000633,ACC-00728,SUB-000633,2026-01-07,85,20,4,205,84.5,healthy
HS-000634,ACC-00362,SUB-000634,2025-12-13,44,3,4,288,38.5,high_risk
HS-000635,ACC-00014,SUB-000635,2026-03-15,80,6,3,69,63.0,watch
HS-000636,ACC-01512,SUB-000636,2026-05-31,73,24,3,160,80.5,healthy
HS-000637,ACC-01614,SUB-000637,2025-08-02,44,2,5,65,35.0,high_risk
HS-000638,ACC-00992,SUB-000638,2025-12-09,78,23,4,241,81.0,healthy
HS-000639,ACC-01195,SUB-000639,2026-01-04,83,15,0,249,84.0,healthy
HS-000640,ACC-00755,SUB-000640,2025-04-24,18,2,6,91,20.0,high_risk
HS-000641,ACC-00089,SUB-000641,2026-07-05,71,13,1,281,73.0,healthy
HS-000642,ACC-01505,SUB-000642,2026-04-01,87,17,3,294,83.0,healthy
HS-000643,ACC-01705,SUB-000643,2026-02-05,63,9,1,160,63.0,watch
HS-000644,ACC-01214,SUB-000644,2026-04-27,73,5,0,25,64.0,watch
HS-000645,ACC-00420,SUB-000645,2026-04-01,90,16,1,78,87.0,healthy
HS-000646,ACC-01108,SUB-000646,2026-04-30,76,18,2,165,81.0,healthy
HS-000647,ACC-00897,SUB-000647,2025-10-28,77,9,0,234,72.0,healthy
HS-000648,ACC-01737,SUB-000648,2025-06-11,45,0,7,103,28.5,high_risk
HS-000649,ACC-01043,SUB-000649,2026-04-24,64,12,4,78,62.0,watch
HS-000650,ACC-00448,SUB-000650,2026-05-22,71,4,2,162,57.5,watch
HS-000651,ACC-00839,SUB-000651,2026-03-23,47,22,3,167,67.5,healthy
HS-000652,ACC-01770,SUB-000652,2025-08-29,21,1,2,84,28.0,high_risk
HS-000653,ACC-01797,SUB-000653,2025-10-26,44,22,0,78,72.0,healthy
HS-000654,ACC-00645,SUB-000654,2026-03-10,40,2,6,70,31.0,high_risk
HS-000655,ACC-01068,SUB-000655,2025-12-19,50,11,3,257,55.5,watch
HS-000656,ACC-01044,SUB-000656,2026-03-31,78,9,0,215,72.5,healthy
HS-000657,ACC-00818,SUB-000657,2026-01-24,92,18,1,32,91.0,healthy
HS-000658,ACC-01749,SUB-000658,2025-11-14,70,14,1,194,74.0,healthy
HS-000659,ACC-00213,SUB-000659,2026-05-07,50,11,1,188,59.5,watch
HS-000660,ACC-01631,SUB-000660,2025-11-28,47,10,1,135,56.5,watch
HS-000661,ACC-00287,SUB-000661,2026-04-26,85,16,4,210,78.5,healthy
HS-000662,ACC-00604,SUB-000662,2026-01-14,52,7,1,113,54.5,watch
HS-000663,ACC-00883,SUB-000663,2026-01-10,66,21,1,199,81.0,healthy
HS-000664,ACC-00449,SUB-000664,2025-11-30,47,16,4,274,59.5,watch
HS-000665,ACC-00096,SUB-000665,2025-11-20,45,4,5,102,38.5,high_risk
HS-000666,ACC-00861,SUB-000666,2025-12-17,91,18,3,100,86.5,healthy
HS-000667,ACC-00692,SUB-000667,2026-05-04,59,10,4,274,56.5,watch
HS-000668,ACC-01343,SUB-000668,2026-03-31,72,19,4,159,76.5,healthy
HS-000669,ACC-00142,SUB-000669,2025-12-26,19,3,3,107,28.0,high_risk
HS-000670,ACC-00920,SUB-000670,2025-11-20,86,22,3,181,87.0,healthy
HS-000671,ACC-00233,SUB-000671,2025-10-30,58,14,2,131,66.0,healthy
HS-000672,ACC-00435,SUB-000672,2026-03-09,73,11,0,124,73.0,healthy
HS-000673,ACC-01117,SUB-000673,2026-01-15,71,16,4,225,71.5,healthy
HS-000674,ACC-00665,SUB-000674,2025-06-20,29,2,6,119,25.5,high_risk
HS-000675,ACC-00486,SUB-000675,2025-12-26,40,16,3,285,58.0,watch
HS-000676,ACC-00401,SUB-000676,2025-12-29,49,13,1,102,62.0,watch
HS-000677,ACC-00439,SUB-000677,2025-09-10,52,15,4,138,60.5,watch
HS-000678,ACC-01551,SUB-000678,2026-05-29,95,23,4,35,89.5,healthy
HS-000679,ACC-01090,SUB-000679,2026-01-18,14,0,9,71,9.0,high_risk
HS-000680,ACC-01555,SUB-000680,2026-04-03,81,9,4,298,66.0,healthy
HS-000681,ACC-01200,SUB-000681,2026-02-24,86,3,1,38,65.5,healthy
HS-000682,ACC-01404,SUB-000682,2026-05-17,91,14,3,194,80.5,healthy
HS-000683,ACC-01371,SUB-000683,2025-10-14,92,8,1,294,76.0,healthy
HS-000684,ACC-00325,SUB-000684,2025-10-24,82,6,3,44,64.0,watch
HS-000685,ACC-00635,SUB-000685,2026-04-22,74,16,0,75,81.0,healthy
HS-000686,ACC-01530,SUB-000686,2026-01-27,92,16,2,50,86.0,healthy
HS-000687,ACC-00749,SUB-000687,2026-03-25,77,13,4,36,70.0,healthy
HS-000688,ACC-00422,SUB-000688,2025-11-28,87,5,4,178,63.0,watch
HS-000689,ACC-01079,SUB-000689,2026-05-08,58,23,3,269,73.0,healthy
HS-000690,ACC-01424,SUB-000690,2026-01-28,62,4,1,81,55.0,watch
HS-000691,ACC-01241,SUB-000691,2025-09-11,90,19,2,255,89.5,healthy
HS-000692,ACC-01457,SUB-000692,2026-01-01,44,15,1,113,62.5,watch
HS-000693,ACC-00055,SUB-000693,2026-05-16,73,13,2,228,72.0,healthy
HS-000694,ACC-00287,SUB-000694,2026-02-06,92,10,3,228,75.0,healthy
HS-000695,ACC-01570,SUB-000695,2026-05-29,92,8,1,191,76.0,healthy
HS-000696,ACC-00146,SUB-000696,2026-03-17,95,5,3,88,69.0,healthy
HS-000697,ACC-01158,SUB-000697,2025-12-19,16,0,4,94,20.0,high_risk
HS-000698,ACC-01163,SUB-000698,2026-04-26,55,3,2,57,48.0,watch
HS-000699,ACC-01463,SUB-000699,2026-01-06,11,1,9,65,9.0,high_risk
HS-000700,ACC-01046,SUB-000700,2026-05-22,62,23,4,64,73.0,healthy
HS-000701,ACC-00337,SUB-000701,2026-01-16,69,23,4,234,76.5,healthy
HS-000702,ACC-01499,SUB-000702,2026-05-05,85,13,3,91,76.0,healthy
HS-000703,ACC-00423,SUB-000703,2026-04-01,53,4,4,150,44.5,high_risk
HS-000704,ACC-01562,SUB-000704,2025-02-23,39,4,9,85,27.5,high_risk
HS-000705,ACC-00078,SUB-000705,2025-09-10,73,13,2,121,72.0,healthy
HS-000706,ACC-00624,SUB-000706,2026-01-18,90,23,3,160,89.0,healthy
HS-000707,ACC-00458,SUB-000707,2026-02-25,72,7,4,185,58.5,watch
HS-000708,ACC-00885,SUB-000708,2026-01-19,65,9,3,126,60.0,watch
HS-000709,ACC-00783,SUB-000709,2026-01-24,54,3,0,134,51.5,watch
HS-000710,ACC-00177,SUB-000710,2026-05-28,57,17,0,215,74.0,healthy
HS-000711,ACC-00090,SUB-000711,2026-01-11,91,7,1,165,74.0,healthy
HS-000712,ACC-00637,SUB-000712,2026-05-03,63,10,0,81,66.5,healthy
HS-000713,ACC-01029,SUB-000713,2026-03-28,80,19,0,167,88.5,healthy
HS-000714,ACC-01540,SUB-000714,2026-05-25,88,3,0,65,68.5,healthy
HS-000715,ACC-01410,SUB-000715,2026-03-23,77,14,1,46,77.5,healthy
HS-000716,ACC-01272,SUB-000716,2026-02-14,82,19,0,294,89.5,healthy
HS-000717,ACC-01096,SUB-000717,2025-09-20,86,24,2,70,89.0,healthy
HS-000718,ACC-00942,SUB-000718,2026-06-13,64,14,3,233,67.0,healthy
HS-000719,ACC-01635,SUB-000719,2026-01-30,68,4,3,39,54.0,watch
HS-000720,ACC-01424,SUB-000720,2026-01-18,89,25,1,263,92.5,healthy
HS-000721,ACC-00585,SUB-000721,2026-02-21,88,17,2,61,85.5,healthy
HS-000722,ACC-01264,SUB-000722,2026-03-08,55,14,1,184,66.5,healthy
HS-000723,ACC-01422,SUB-000723,2026-01-02,87,11,3,104,74.0,healthy
HS-000724,ACC-00336,SUB-000724,2026-03-28,49,24,4,173,66.5,healthy
HS-000725,ACC-00130,SUB-000725,2025-10-09,88,15,3,38,80.5,healthy
HS-000726,ACC-00046,SUB-000726,2026-05-03,79,18,2,20,82.5,healthy
HS-000727,ACC-01327,SUB-000727,2026-05-24,81,7,3,75,65.0,healthy
HS-000728,ACC-01778,SUB-000728,2026-02-05,63,20,0,208,81.5,healthy
HS-000729,ACC-00179,SUB-000729,2026-04-10,59,6,4,209,50.5,watch
HS-000730,ACC-00040,SUB-000730,2025-08-31,29,0,2,79,30.5,high_risk
HS-000731,ACC-00648,SUB-000731,2025-09-13,78,15,2,242,77.5,healthy
HS-000732,ACC-00967,SUB-000732,2026-05-28,75,11,3,208,68.0,healthy
HS-000733,ACC-01343,SUB-000733,2026-02-25,82,11,4,180,69.5,healthy
HS-000734,ACC-01007,SUB-000734,2025-11-19,87,25,4,259,85.5,healthy
HS-000735,ACC-00159,SUB-000735,2025-10-07,63,14,3,54,66.5,healthy
HS-000736,ACC-01665,SUB-000736,2026-03-10,55,12,0,43,65.5,healthy
HS-000737,ACC-01352,SUB-000737,2026-04-20,88,25,2,88,90.0,healthy
HS-000738,ACC-00283,SUB-000738,2026-03-01,79,3,2,32,60.0,watch
HS-000739,ACC-00977,SUB-000739,2026-04-16,62,3,3,240,49.5,watch
HS-000740,ACC-00185,SUB-000740,2026-03-08,77,25,2,107,84.5,healthy
HS-000741,ACC-01061,SUB-000741,2026-05-20,46,7,0,255,53.5,watch
HS-000742,ACC-01762,SUB-000742,2026-03-23,89,8,0,173,76.5,healthy
HS-000743,ACC-01441,SUB-000743,2026-02-07,56,8,1,32,58.0,watch
HS-000744,ACC-00171,SUB-000744,2025-09-08,48,12,0,300,62.0,watch
HS-000745,ACC-01124,SUB-000745,2025-11-28,69,17,4,263,72.0,healthy
HS-000746,ACC-00541,SUB-000746,2026-02-12,58,6,1,248,56.0,watch
HS-000747,ACC-01218,SUB-000747,2026-06-26,53,4,3,135,46.5,watch
HS-000748,ACC-01108,SUB-000748,2025-12-21,71,6,1,219,62.5,watch
HS-000749,ACC-01343,SUB-000749,2026-06-25,72,17,3,150,75.5,healthy
HS-000750,ACC-01502,SUB-000750,2025-09-19,72,21,2,126,82.0,healthy
HS-000751,ACC-01636,SUB-000751,2025-11-26,50,13,4,183,56.5,watch
HS-000752,ACC-00800,SUB-000752,2026-01-25,91,13,2,194,81.0,healthy
HS-000753,ACC-00610,SUB-000753,2026-03-31,60,11,0,169,66.5,healthy
HS-000754,ACC-00657,SUB-000754,2026-01-24,66,4,2,142,55.0,watch
HS-000755,ACC-00942,SUB-000755,2025-11-19,45,3,4,116,39.0,high_risk
HS-000756,ACC-00356,SUB-000756,2026-01-05,55,3,4,282,44.0,high_risk
HS-000757,ACC-01587,SUB-000757,2025-04-30,28,4,8,106,24.0,high_risk
HS-000758,ACC-01504,SUB-000758,2024-07-26,12,3,6,101,18.5,high_risk
HS-000759,ACC-00775,SUB-000759,2026-05-12,59,12,1,205,65.5,healthy
HS-000760,ACC-00180,SUB-000760,2026-05-06,76,24,3,118,82.0,healthy
HS-000761,ACC-00268,SUB-000761,2026-01-24,89,18,2,268,87.5,healthy
HS-000762,ACC-01257,SUB-000762,2026-05-07,46,13,2,28,58.5,watch
HS-000763,ACC-00160,SUB-000763,2026-02-09,74,3,3,123,55.5,watch
HS-000764,ACC-00432,SUB-000764,2025-12-09,73,12,2,159,70.5,healthy
HS-000765,ACC-00017,SUB-000765,2026-03-26,40,23,2,112,66.0,healthy
HS-000766,ACC-00722,SUB-000766,2026-03-15,62,10,3,43,60.0,watch
HS-000767,ACC-01115,SUB-000767,2026-01-21,70,16,4,51,71.0,healthy
HS-000768,ACC-00546,SUB-000768,2026-03-20,95,15,4,140,82.0,healthy
HS-000769,ACC-00450,SUB-000769,2025-12-22,43,14,0,289,62.5,watch
HS-000770,ACC-00302,SUB-000770,2026-01-30,57,12,0,113,66.5,healthy
HS-000771,ACC-01604,SUB-000771,2025-10-09,63,14,2,271,68.5,healthy
HS-000772,ACC-01156,SUB-000772,2026-05-04,47,11,1,193,58.0,watch
HS-000773,ACC-00719,SUB-000773,2026-05-21,55,23,1,239,75.5,healthy
HS-000774,ACC-01068,SUB-000774,2026-01-26,64,20,1,173,80.0,healthy
HS-000775,ACC-01460,SUB-000775,2026-05-13,49,6,0,34,53.5,watch
HS-000776,ACC-00107,SUB-000776,2026-01-14,62,12,4,286,61.0,watch
HS-000777,ACC-00885,SUB-000777,2026-05-10,80,23,2,219,86.0,healthy
HS-000778,ACC-00974,SUB-000778,2026-05-18,65,14,1,176,71.5,healthy
HS-000779,ACC-00549,SUB-000779,2026-02-11,41,22,3,230,64.5,watch
HS-000780,ACC-01643,SUB-000780,2025-10-20,52,12,4,83,56.0,watch
HS-000781,ACC-01490,SUB-000781,2025-10-31,64,4,2,185,54.0,watch
HS-000782,ACC-01601,SUB-000782,2025-09-21,68,9,4,40,59.5,watch
HS-000783,ACC-01149,SUB-000783,2026-01-18,62,13,2,118,66.5,healthy
HS-000784,ACC-01573,SUB-000784,2025-11-19,36,1,5,72,29.5,high_risk
HS-000785,ACC-00070,SUB-000785,2026-04-20,78,23,1,57,87.0,healthy
HS-000786,ACC-01432,SUB-000786,2026-03-13,83,5,0,83,69.0,healthy
HS-000787,ACC-01695,SUB-000787,2026-05-05,83,4,1,297,65.5,healthy
