event_id,account_id,sub_id,type,amount,event_date
EVT-000001,ACC-00640,SUB-000001,new,121.07,2026-02-16
EVT-000002,ACC-00882,SUB-000002,new,90.53,2026-01-22
EVT-000003,ACC-01409,SUB-000003,new,546.11,2026-03-15
EVT-000004,ACC-01077,SUB-000004,new,88.23,2025-11-10
EVT-000005,ACC-01027,SUB-000005,new,125.59,2024-11-02
EVT-000006,ACC-01027,SUB-000005,expansion,21.94,2025-10-25
EVT-000007,ACC-00825,SUB-000006,new,104.05,2024-07-23
EVT-000008,ACC-00825,SUB-000006,expansion,26.36,2025-02-14
EVT-000009,ACC-01102,SUB-000007,new,108.78,2026-02-01
EVT-000010,ACC-00402,SUB-000008,new,97.63,2025-01-27
EVT-000011,ACC-00405,SUB-000009,new,86.18,2025-11-16
EVT-000012,ACC-00405,SUB-000009,churn,-86.18,2026-04-15
EVT-000013,ACC-00107,SUB-000010,new,106.71,2024-11-05
EVT-000014,ACC-00474,SUB-000011,new,99.86,2026-01-25
EVT-000015,ACC-00929,SUB-000012,new,111.67,2026-02-18
EVT-000016,ACC-00065,SUB-000013,new,104.97,2026-02-07
EVT-000017,ACC-00297,SUB-000014,new,302.43,2024-06-24
EVT-000018,ACC-01448,SUB-000015,new,89.95,2024-03-05
EVT-000019,ACC-01658,SUB-000016,new,129.54,2025-05-18
EVT-000020,ACC-00605,SUB-000017,new,112.17,2026-04-18
EVT-000021,ACC-01305,SUB-000018,new,125.32,2025-11-12
EVT-000022,ACC-00756,SUB-000019,new,96.87,2024-08-08
EVT-000023,ACC-00756,SUB-000019,churn,-96.87,2025-02-04
EVT-000024,ACC-00868,SUB-000020,new,101.48,2025-09-11
EVT-000025,ACC-00965,SUB-000021,new,581.31,2025-05-24
EVT-000026,ACC-00237,SUB-000022,new,300.27,2024-11-01
EVT-000027,ACC-00650,SUB-000023,new,210.51,2025-10-07
EVT-000028,ACC-00650,SUB-000023,expansion,22.41,2025-12-16
EVT-000029,ACC-00445,SUB-000024,new,118.35,2024-08-19
EVT-000030,ACC-00721,SUB-000025,new,85.33,2026-01-17
EVT-000031,ACC-00793,SUB-000026,new,115.25,2026-03-06
EVT-000032,ACC-00793,SUB-000026,expansion,18.62,2026-05-15
EVT-000033,ACC-00926,SUB-000027,new,127.86,2026-02-21
EVT-000034,ACC-00780,SUB-000028,new,110.64,2025-10-03
EVT-000035,ACC-00780,SUB-000028,churn,-110.64,2026-03-02
EVT-000036,ACC-00479,SUB-000029,new,120.66,2026-02-12
EVT-000037,ACC-01362,SUB-000030,new,286.19,2024-04-09
EVT-000038,ACC-01362,SUB-000030,churn,-286.19,2024-09-06
EVT-000039,ACC-01511,SUB-000031,new,117.59,2025-08-05
EVT-000040,ACC-01637,SUB-000032,new,115.05,2026-02-06
EVT-000041,ACC-00305,SUB-000033,new,249.37,2025-02-10
EVT-000042,ACC-00305,SUB-000033,expansion,86.66,2025-12-28
EVT-000043,ACC-01744,SUB-000034,new,105.72,2025-12-30
EVT-000044,ACC-01480,SUB-000035,new,104.77,2025-11-03
EVT-000045,ACC-01265,SUB-000036,new,123.67,2026-05-24
EVT-000046,ACC-00147,SUB-000037,new,89.67,2024-10-26
EVT-000047,ACC-01352,SUB-000038,new,86.32,2025-08-01
EVT-000048,ACC-01352,SUB-000038,churn,-86.32,2026-06-27
EVT-000049,ACC-00673,SUB-000039,new,240.86,2025-08-15
EVT-000050,ACC-00425,SUB-000040,new,698.06,2024-03-26
EVT-000051,ACC-00229,SUB-000041,new,114.23,2026-03-12
EVT-000052,ACC-01057,SUB-000042,new,88.04,2025-10-15
EVT-000053,ACC-01057,SUB-000042,churn,-88.04,2026-03-14
EVT-000054,ACC-00730,SUB-000043,new,126.27,2025-07-12
EVT-000055,ACC-01662,SUB-000044,new,129.66,2025-05-04
EVT-000056,ACC-00144,SUB-000045,new,124.79,2024-02-19
EVT-000057,ACC-01219,SUB-000046,new,96.5,2025-08-13
EVT-000058,ACC-00117,SUB-000047,new,105.99,2024-07-15
EVT-000059,ACC-00117,SUB-000047,expansion,34.87,2025-07-21
EVT-000060,ACC-00200,SUB-000048,new,97.91,2024-07-18
EVT-000061,ACC-00760,SUB-000049,new,89.34,2025-05-24
EVT-000062,ACC-00760,SUB-000049,churn,-89.34,2025-08-22
EVT-000063,ACC-00374,SUB-000050,new,257.02,2026-01-09
EVT-000064,ACC-00374,SUB-000050,expansion,84.15,2026-04-10
EVT-000065,ACC-00449,SUB-000051,new,121.65,2024-07-24
EVT-000066,ACC-00449,SUB-000051,churn,-121.65,2025-03-21
EVT-000067,ACC-00849,SUB-000052,new,298.24,2025-05-22
EVT-000068,ACC-00849,SUB-000052,expansion,40.24,2026-05-10
EVT-000069,ACC-00101,SUB-000053,new,560.93,2024-11-19
EVT-000070,ACC-01130,SUB-000054,new,104.12,2025-12-22
EVT-000071,ACC-01427,SUB-000055,new,487.74,2025-03-10
EVT-000072,ACC-01555,SUB-000056,new,114.89,2025-03-31
EVT-000073,ACC-01555,SUB-000056,churn,-114.89,2026-03-26
EVT-000074,ACC-01752,SUB-000057,new,599.76,2026-03-08
EVT-000075,ACC-00748,SUB-000058,new,110.96,2025-08-26
EVT-000076,ACC-00994,SUB-000059,new,105.04,2024-03-14
EVT-000077,ACC-00994,SUB-000059,expansion,12.81,2025-01-14
EVT-000078,ACC-00959,SUB-000060,new,101.2,2025-10-01
EVT-000079,ACC-01291,SUB-000061,new,594.38,2025-02-10
EVT-000080,ACC-01291,SUB-000061,churn,-594.38,2025-10-08
EVT-000081,ACC-01077,SUB-000062,new,257.58,2024-09-05
EVT-000082,ACC-00684,SUB-000063,new,112.33,2024-05-20
EVT-000083,ACC-00706,SUB-000064,new,104.22,2024-05-09
EVT-000084,ACC-01372,SUB-000065,new,535.46,2024-04-02
EVT-000085,ACC-00365,SUB-000066,new,120.1,2024-08-13
EVT-000086,ACC-01277,SUB-000067,new,102.07,2025-06-22
EVT-000087,ACC-01183,SUB-000068,new,116.24,2025-11-29
EVT-000088,ACC-00715,SUB-000069,new,93.49,2026-03-02
EVT-000089,ACC-00886,SUB-000070,new,691.36,2025-11-03
EVT-000090,ACC-00886,SUB-000070,expansion,227.56,2026-01-26
EVT-000091,ACC-01506,SUB-000071,new,105.19,2024-08-15
EVT-000092,ACC-01506,SUB-000071,churn,-105.19,2025-04-12
EVT-000093,ACC-00163,SUB-000072,new,106.94,2024-05-14
EVT-000094,ACC-01410,SUB-000073,new,101.4,2024-03-30
EVT-000095,ACC-01410,SUB-000073,churn,-101.4,2025-01-24
EVT-000096,ACC-01084,SUB-000074,new,101.09,2025-10-17
EVT-000097,ACC-00062,SUB-000075,new,114.78,2024-09-10
EVT-000098,ACC-00062,SUB-000075,expansion,37.46,2025-07-03
EVT-000099,ACC-00213,SUB-000076,new,111.8,2024-10-21
EVT-000100,ACC-00593,SUB-000077,new,610.71,2025-07-02
EVT-000101,ACC-00324,SUB-000078,new,129.23,2025-04-04
EVT-000102,ACC-00324,SUB-000078,expansion,24.4,2025-09-24
EVT-000103,ACC-00555,SUB-000079,new,285.34,2025-06-11
EVT-000104,ACC-00171,SUB-000080,new,120.38,2025-04-23
EVT-000105,ACC-00968,SUB-000081,new,98.93,2025-09-30
EVT-000106,ACC-00692,SUB-000082,new,119.97,2025-06-13
EVT-000107,ACC-00677,SUB-000083,new,107.14,2024-04-24
EVT-000108,ACC-01124,SUB-000084,new,98.04,2024-07-05
EVT-000109,ACC-00297,SUB-000085,new,109.25,2025-12-07
EVT-000110,ACC-00517,SUB-000086,new,87.82,2025-03-31
EVT-000111,ACC-01487,SUB-000087,new,124.33,2025-01-11
EVT-000112,ACC-01487,SUB-000087,expansion,48.26,2025-05-18
EVT-000113,ACC-00012,SUB-000088,new,114.4,2024-04-08
EVT-000114,ACC-00012,SUB-000088,churn,-114.4,2024-12-04
EVT-000115,ACC-00091,SUB-000089,new,104.17,2024-10-18
EVT-000116,ACC-01182,SUB-000090,new,618.99,2026-03-23
EVT-000117,ACC-00249,SUB-000091,new,107.24,2025-11-09
EVT-000118,ACC-01556,SUB-000092,new,94.24,2024-02-23
EVT-000119,ACC-01301,SUB-000093,new,127.84,2024-10-19
EVT-000120,ACC-01527,SUB-000094,new,104.03,2026-05-21
EVT-000121,ACC-01698,SUB-000095,new,108.57,2024-05-14
EVT-000122,ACC-01698,SUB-000095,expansion,20.2,2025-03-20
EVT-000123,ACC-01181,SUB-000096,new,602.77,2025-09-07
EVT-000124,ACC-01736,SUB-000097,new,119.84,2025-12-19
EVT-000125,ACC-00701,SUB-000098,new,89.32,2025-04-27
EVT-000126,ACC-00079,SUB-000099,new,87.13,2025-03-20
EVT-000127,ACC-01339,SUB-000100,new,295.68,2026-05-29
EVT-000128,ACC-01268,SUB-000101,new,292.73,2026-02-17
EVT-000129,ACC-01543,SUB-000102,new,110.76,2025-12-24
EVT-000130,ACC-01753,SUB-000103,new,123.78,2024-04-21
EVT-000131,ACC-01052,SUB-000104,new,91.67,2025-10-26
EVT-000132,ACC-01547,SUB-000105,new,104.38,2025-03-17
EVT-000133,ACC-00462,SUB-000106,new,608.91,2026-01-07
EVT-000134,ACC-00502,SUB-000107,new,247.42,2024-08-05
EVT-000135,ACC-00328,SUB-000108,new,85.2,2024-03-10
EVT-000136,ACC-01573,SUB-000109,new,123.44,2024-10-21
EVT-000137,ACC-01295,SUB-000110,new,259.28,2025-04-30
EVT-000138,ACC-01716,SUB-000111,new,103.32,2024-02-02
EVT-000139,ACC-00464,SUB-000112,new,110.53,2026-03-31
EVT-000140,ACC-00305,SUB-000113,new,123.04,2026-02-05
EVT-000141,ACC-01163,SUB-000114,new,93.54,2024-02-06
EVT-000142,ACC-00455,SUB-000115,new,114.76,2025-07-22
EVT-000143,ACC-00315,SUB-000116,new,224.08,2024-12-24
EVT-000144,ACC-01663,SUB-000117,new,92.21,2024-07-25
EVT-000145,ACC-01663,SUB-000117,churn,-92.21,2025-05-21
EVT-000146,ACC-01032,SUB-000118,new,87.61,2024-10-06
EVT-000147,ACC-01032,SUB-000118,expansion,16.38,2025-08-31
EVT-000148,ACC-01205,SUB-000119,new,109.49,2026-06-23
EVT-000149,ACC-00546,SUB-000120,new,649.63,2025-10-18
EVT-000150,ACC-01252,SUB-000121,new,90.55,2024-02-26
EVT-000151,ACC-01611,SUB-000122,new,639.33,2024-05-02
EVT-000152,ACC-01611,SUB-000122,churn,-639.33,2025-08-25
EVT-000153,ACC-01480,SUB-000123,new,128.92,2024-04-29
EVT-000154,ACC-01480,SUB-000123,churn,-128.92,2025-12-20
EVT-000155,ACC-00326,SUB-000124,new,671.02,2025-02-06
EVT-000156,ACC-01565,SUB-000125,new,128.67,2024-04-27
EVT-000157,ACC-01472,SUB-000126,new,114.98,2025-08-16
EVT-000158,ACC-00749,SUB-000127,new,88.47,2025-10-31
EVT-000159,ACC-01556,SUB-000128,new,492.23,2025-04-11
EVT-000160,ACC-01556,SUB-000128,churn,-492.23,2025-07-10
EVT-000161,ACC-00405,SUB-000129,new,103.52,2024-03-28
EVT-000162,ACC-00405,SUB-000129,churn,-103.52,2024-11-23
EVT-000163,ACC-00813,SUB-000130,new,118.73,2025-09-26
EVT-000164,ACC-00733,SUB-000131,new,129.04,2024-12-20
EVT-000165,ACC-00733,SUB-000131,expansion,38.37,2025-03-23
EVT-000166,ACC-00540,SUB-000132,new,101.83,2026-04-01
EVT-000167,ACC-00649,SUB-000133,new,88.14,2025-08-14
EVT-000168,ACC-00102,SUB-000134,new,520.4,2025-12-08
EVT-000169,ACC-00275,SUB-000135,new,113.95,2024-11-07
EVT-000170,ACC-00275,SUB-000135,churn,-113.95,2025-10-03
EVT-000171,ACC-00182,SUB-000136,new,701.23,2024-04-21
EVT-000172,ACC-01053,SUB-000137,new,127.3,2024-02-26
EVT-000173,ACC-01416,SUB-000138,new,120.74,2025-06-07
EVT-000174,ACC-00374,SUB-000139,new,114.7,2025-10-19
EVT-000175,ACC-01196,SUB-000140,new,101.65,2024-07-23
EVT-000176,ACC-00824,SUB-000141,new,103.21,2024-04-16
EVT-000177,ACC-01575,SUB-000142,new,107.1,2025-05-27
EVT-000178,ACC-01650,SUB-000143,new,89.84,2024-06-25
EVT-000179,ACC-01650,SUB-000143,expansion,19.43,2025-06-13
EVT-000180,ACC-01335,SUB-000144,new,112.63,2026-04-22
EVT-000181,ACC-00570,SUB-000145,new,107.19,2026-05-18
EVT-000182,ACC-01082,SUB-000146,new,115.33,2026-04-05
EVT-000183,ACC-00977,SUB-000147,new,118.38,2024-02-12
EVT-000184,ACC-00481,SUB-000148,new,93.34,2024-08-27
EVT-000185,ACC-01716,SUB-000149,new,122.69,2025-06-06
EVT-000186,ACC-01705,SUB-000150,new,110.9,2024-11-17
EVT-000187,ACC-01330,SUB-000151,new,90.02,2024-10-23
EVT-000188,ACC-01330,SUB-000151,churn,-90.02,2025-06-20
EVT-000189,ACC-01736,SUB-000152,new,90.38,2025-08-01
EVT-000190,ACC-01559,SUB-000153,new,114.6,2024-11-28
EVT-000191,ACC-00921,SUB-000154,new,268.69,2024-04-07
EVT-000192,ACC-00921,SUB-000154,expansion,27.23,2024-07-12
EVT-000193,ACC-00483,SUB-000155,new,662.65,2025-12-26
EVT-000194,ACC-00483,SUB-000155,expansion,166.53,2026-06-08
EVT-000195,ACC-00129,SUB-000156,new,95.86,2025-06-08
EVT-000196,ACC-00319,SUB-000157,new,123.94,2025-05-24
EVT-000197,ACC-00319,SUB-000157,expansion,15.1,2026-03-11
EVT-000198,ACC-00014,SUB-000158,new,87.9,2025-05-10
EVT-000199,ACC-00908,SUB-000159,new,99.73,2025-10-11
EVT-000200,ACC-00627,SUB-000160,new,114.64,2025-02-26
EVT-000201,ACC-00627,SUB-000160,expansion,43.88,2025-09-21
EVT-000202,ACC-00739,SUB-000161,new,109.22,2025-06-05
EVT-000203,ACC-00739,SUB-000161,expansion,37.28,2025-09-23
EVT-000204,ACC-00373,SUB-000162,new,90.43,2024-05-04
EVT-000205,ACC-00373,SUB-000162,expansion,20.09,2024-11-26
EVT-000206,ACC-01328,SUB-000163,new,89.48,2024-11-09
EVT-000207,ACC-00307,SUB-000164,new,91.51,2025-02-08
EVT-000208,ACC-00886,SUB-000165,new,93.88,2025-08-19
EVT-000209,ACC-00886,SUB-000165,expansion,34.68,2025-11-07
EVT-000210,ACC-00749,SUB-000166,new,93.52,2025-02-04
EVT-000211,ACC-01311,SUB-000167,new,85.88,2026-05-30
EVT-000212,ACC-00765,SUB-000168,new,113.62,2024-10-02
EVT-000213,ACC-01408,SUB-000169,new,110.15,2026-06-16
EVT-000214,ACC-01240,SUB-000170,new,102.3,2024-06-27
EVT-000215,ACC-01240,SUB-000170,churn,-102.3,2025-03-24
EVT-000216,ACC-01739,SUB-000171,new,88.18,2024-05-17
EVT-000217,ACC-01739,SUB-000171,churn,-88.18,2025-12-08
EVT-000218,ACC-00299,SUB-000172,new,505.64,2024-10-16
EVT-000219,ACC-00503,SUB-000173,new,261.18,2024-11-11
EVT-000220,ACC-01334,SUB-000174,new,553.85,2024-04-16
EVT-000221,ACC-00615,SUB-000175,new,108.79,2026-06-02
EVT-000222,ACC-01259,SUB-000176,new,128.48,2025-01-30
EVT-000223,ACC-01259,SUB-000176,churn,-128.48,2026-06-24
EVT-000224,ACC-01124,SUB-000177,new,88.09,2025-12-06
EVT-000225,ACC-01759,SUB-000178,new,110.16,2024-03-06
EVT-000226,ACC-01641,SUB-000179,new,95.83,2025-09-29
EVT-000227,ACC-01612,SUB-000180,new,119.17,2025-08-28
EVT-000228,ACC-01226,SUB-000181,new,90.54,2026-02-11
EVT-000229,ACC-01539,SUB-000182,new,91.33,2025-10-07
EVT-000230,ACC-01754,SUB-000183,new,88.57,2024-02-11
EVT-000231,ACC-01754,SUB-000183,expansion,9.33,2024-05-26
EVT-000232,ACC-00651,SUB-000184,new,210.55,2025-04-08
EVT-000233,ACC-01161,SUB-000185,new,127.04,2025-03-25
EVT-000234,ACC-00132,SUB-000186,new,109.44,2025-02-08
EVT-000235,ACC-00015,SUB-000187,new,676.73,2024-10-17
EVT-000236,ACC-00719,SUB-000188,new,272.91,2025-09-16
EVT-000237,ACC-00024,SUB-000189,new,552.36,2024-10-08
EVT-000238,ACC-00796,SUB-000190,new,89.75,2025-08-28
EVT-000239,ACC-01323,SUB-000191,new,101.89,2024-11-25
EVT-000240,ACC-00704,SUB-000192,new,121.66,2024-06-16
EVT-000241,ACC-00946,SUB-000193,new,103.06,2025-09-27
EVT-000242,ACC-00946,SUB-000193,expansion,36.07,2025-11-30
EVT-000243,ACC-01193,SUB-000194,new,98.35,2024-04-13
EVT-000244,ACC-01193,SUB-000194,churn,-98.35,2024-07-12
EVT-000245,ACC-00521,SUB-000195,new,120.25,2025-07-15
EVT-000246,ACC-00541,SUB-000196,new,122.62,2024-10-29
EVT-000247,ACC-00415,SUB-000197,new,103.96,2026-04-27
EVT-000248,ACC-00383,SUB-000198,new,88.12,2025-01-19
EVT-000249,ACC-00233,SUB-000199,new,123.15,2026-03-07
EVT-000250,ACC-01522,SUB-000200,new,500.3,2025-01-17
EVT-000251,ACC-01664,SUB-000201,new,103.4,2025-03-11
EVT-000252,ACC-00627,SUB-000202,new,106.08,2025-07-16
EVT-000253,ACC-00032,SUB-000203,new,91.49,2024-06-01
EVT-000254,ACC-00661,SUB-000204,new,126.65,2026-01-23
EVT-000255,ACC-00109,SUB-000205,new,118.19,2025-03-28
EVT-000256,ACC-01784,SUB-000206,new,85.78,2025-01-05
EVT-000257,ACC-00027,SUB-000207,new,301.05,2024-04-23
EVT-000258,ACC-00601,SUB-000208,new,104.64,2026-05-19
EVT-000259,ACC-00549,SUB-000209,new,274.87,2025-08-02
EVT-000260,ACC-00549,SUB-000209,expansion,79.91,2026-04-05
EVT-000261,ACC-00441,SUB-000210,new,128.65,2026-05-11
EVT-000262,ACC-01077,SUB-000211,new,123.68,2024-05-13
EVT-000263,ACC-00987,SUB-000212,new,90.6,2024-08-29
EVT-000264,ACC-00987,SUB-000212,expansion,14.37,2025-07-21
EVT-000265,ACC-00161,SUB-000213,new,88.84,2026-02-22
EVT-000266,ACC-00015,SUB-000214,new,119.93,2025-09-12
EVT-000267,ACC-01149,SUB-000215,new,126.66,2025-10-03
EVT-000268,ACC-00380,SUB-000216,new,88.98,2026-01-30
EVT-000269,ACC-01416,SUB-000217,new,116.27,2025-10-27
EVT-000270,ACC-01416,SUB-000217,expansion,19.07,2026-06-19
EVT-000271,ACC-01371,SUB-000218,new,592.05,2026-04-18
EVT-000272,ACC-01624,SUB-000219,new,104.16,2025-12-01
EVT-000273,ACC-01494,SUB-000220,new,113.45,2024-07-15
EVT-000274,ACC-00174,SUB-000221,new,96.49,2024-09-08
EVT-000275,ACC-00897,SUB-000222,new,211.79,2025-08-31
EVT-000276,ACC-00454,SUB-000223,new,300.63,2025-06-25
EVT-000277,ACC-00835,SUB-000224,new,101.19,2026-06-10
EVT-000278,ACC-00742,SUB-000225,new,100.26,2026-04-11
EVT-000279,ACC-00341,SUB-000226,new,97.09,2024-11-13
EVT-000280,ACC-01617,SUB-000227,new,102.91,2024-05-12
EVT-000281,ACC-00032,SUB-000228,new,122.15,2025-05-03
EVT-000282,ACC-00775,SUB-000229,new,85.48,2025-08-03
EVT-000283,ACC-01365,SUB-000230,new,100.34,2024-10-14
EVT-000284,ACC-00188,SUB-000231,new,116.07,2026-06-03
EVT-000285,ACC-01587,SUB-000232,new,124.2,2026-03-09
EVT-000286,ACC-00627,SUB-000233,new,555.56,2024-02-07
EVT-000287,ACC-00144,SUB-000234,new,123.24,2025-08-02
EVT-000288,ACC-00151,SUB-000235,new,95.63,2026-04-19
EVT-000289,ACC-01232,SUB-000236,new,247.86,2024-06-19
EVT-000290,ACC-00673,SUB-000237,new,122.69,2024-10-10
EVT-000291,ACC-01238,SUB-000238,new,119.47,2024-08-10
EVT-000292,ACC-01062,SUB-000239,new,127.94,2025-02-09
EVT-000293,ACC-01277,SUB-000240,new,98.1,2024-06-17
EVT-000294,ACC-00704,SUB-000241,new,541.84,2024-05-20
EVT-000295,ACC-00704,SUB-000241,expansion,63.32,2025-04-16
EVT-000296,ACC-00001,SUB-000242,new,114.43,2025-05-07
EVT-000297,ACC-00843,SUB-000243,new,556.05,2025-08-12
EVT-000298,ACC-01154,SUB-000244,new,238.26,2026-04-12
EVT-000299,ACC-00100,SUB-000245,new,123.88,2026-02-19
EVT-000300,ACC-00164,SUB-000246,new,212.3,2026-03-06
EVT-000301,ACC-00359,SUB-000247,new,103.65,2024-08-05
EVT-000302,ACC-00359,SUB-000247,churn,-103.65,2026-03-28
EVT-000303,ACC-01325,SUB-000248,new,119.14,2024-09-17
EVT-000304,ACC-00107,SUB-000249,new,117.06,2024-07-17
EVT-000305,ACC-00107,SUB-000249,expansion,29.09,2025-07-11
EVT-000306,ACC-00160,SUB-000250,new,113.23,2025-01-05
EVT-000307,ACC-00647,SUB-000251,new,119.37,2025-10-11
EVT-000308,ACC-01603,SUB-000252,new,85.74,2026-04-18
EVT-000309,ACC-01603,SUB-000252,expansion,15.68,2026-06-27
EVT-000310,ACC-00754,SUB-000253,new,533.92,2025-12-25
EVT-000311,ACC-00097,SUB-000254,new,102.95,2025-12-06
EVT-000312,ACC-00532,SUB-000255,new,92.55,2024-05-30
EVT-000313,ACC-01337,SUB-000256,new,93.14,2024-11-12
EVT-000314,ACC-01337,SUB-000256,expansion,10.81,2025-10-14
EVT-000315,ACC-01551,SUB-000257,new,115.65,2024-09-22
EVT-000316,ACC-00136,SUB-000258,new,104.93,2025-07-13
EVT-000317,ACC-00136,SUB-000258,churn,-104.93,2026-03-10
EVT-000318,ACC-00861,SUB-000259,new,96.16,2024-11-26
EVT-000319,ACC-01403,SUB-000260,new,206.74,2025-12-23
EVT-000320,ACC-01756,SUB-000261,new,123.31,2025-11-21
EVT-000321,ACC-00929,SUB-000262,new,109.45,2024-10-25
EVT-000322,ACC-00647,SUB-000263,new,262.58,2025-04-19
EVT-000323,ACC-00316,SUB-000264,new,100.62,2025-11-30
EVT-000324,ACC-00870,SUB-000265,new,106.2,2024-09-30
EVT-000325,ACC-00870,SUB-000265,churn,-106.2,2026-05-23
EVT-000326,ACC-01677,SUB-000266,new,121.41,2026-01-08
EVT-000327,ACC-01345,SUB-000267,new,637.01,2025-06-18
EVT-000328,ACC-01661,SUB-000268,new,112.45,2026-02-13
EVT-000329,ACC-00310,SUB-000269,new,101.26,2025-12-31
EVT-000330,ACC-01593,SUB-000270,new,659.39,2025-04-28
EVT-000331,ACC-01180,SUB-000271,new,512.94,2024-09-12
EVT-000332,ACC-01180,SUB-000271,churn,-512.94,2026-02-04
EVT-000333,ACC-00410,SUB-000272,new,104.58,2025-10-20
EVT-000334,ACC-01442,SUB-000273,new,580.04,2024-12-18
EVT-000335,ACC-01312,SUB-000274,new,98.58,2024-05-14
EVT-000336,ACC-00990,SUB-000275,new,123.18,2025-12-22
EVT-000337,ACC-00422,SUB-000276,new,483.86,2025-08-08
EVT-000338,ACC-00422,SUB-000276,expansion,171.7,2026-01-09
EVT-000339,ACC-01373,SUB-000277,new,96.52,2026-02-20
EVT-000340,ACC-00214,SUB-000278,new,126.4,2025-12-21
EVT-000341,ACC-00860,SUB-000279,new,95.16,2024-06-30
EVT-000342,ACC-00860,SUB-000279,churn,-95.16,2025-11-22
EVT-000343,ACC-01584,SUB-000280,new,92.94,2024-12-24
EVT-000344,ACC-01790,SUB-000281,new,127.91,2025-10-27
EVT-000345,ACC-00203,SUB-000282,new,301.2,2025-08-16
EVT-000346,ACC-01695,SUB-000283,new,227.92,2026-02-27
EVT-000347,ACC-00059,SUB-000284,new,113.58,2026-02-01
EVT-000348,ACC-00507,SUB-000285,new,109.21,2026-03-14
EVT-000349,ACC-01285,SUB-000286,new,87.76,2025-09-01
EVT-000350,ACC-00552,SUB-000287,new,111.03,2025-12-31
EVT-000351,ACC-01739,SUB-000288,new,109.21,2026-03-10
EVT-000352,ACC-00658,SUB-000289,new,113.63,2025-11-04
EVT-000353,ACC-00658,SUB-000289,expansion,16.35,2026-04-20
EVT-000354,ACC-01562,SUB-000290,new,491.82,2024-08-27
EVT-000355,ACC-00705,SUB-000291,new,593.81,2024-09-10
EVT-000356,ACC-00870,SUB-000292,new,116.25,2025-01-03
EVT-000357,ACC-00806,SUB-000293,new,203.65,2024-05-18
EVT-000358,ACC-00737,SUB-000294,new,97.93,2024-09-15
EVT-000359,ACC-00982,SUB-000295,new,127.48,2024-05-07
EVT-000360,ACC-00982,SUB-000295,churn,-127.48,2025-10-29
EVT-000361,ACC-00030,SUB-000296,new,93.76,2025-04-01
EVT-000362,ACC-00648,SUB-000297,new,129.28,2024-08-07
EVT-000363,ACC-01045,SUB-000298,new,92.91,2024-06-24
EVT-000364,ACC-01045,SUB-000298,expansion,20.03,2025-03-28
EVT-000365,ACC-01042,SUB-000299,new,90.32,2025-07-25
EVT-000366,ACC-00335,SUB-000300,new,93.59,2024-06-28
EVT-000367,ACC-00712,SUB-000301,new,102.24,2025-05-02
EVT-000368,ACC-00712,SUB-000301,expansion,34.52,2026-03-18
EVT-000369,ACC-00069,SUB-000302,new,198.64,2025-11-13
EVT-000370,ACC-00551,SUB-000303,new,90.88,2024-07-03
EVT-000371,ACC-00406,SUB-000304,new,654.02,2025-08-11
EVT-000372,ACC-00639,SUB-000305,new,121.99,2024-11-27
EVT-000373,ACC-00504,SUB-000306,new,92.58,2026-05-25
EVT-000374,ACC-00831,SUB-000307,new,236.72,2025-04-19
EVT-000375,ACC-00831,SUB-000307,expansion,70.87,2025-10-09
EVT-000376,ACC-00414,SUB-000308,new,87.76,2024-02-22
EVT-000377,ACC-00414,SUB-000308,churn,-87.76,2024-05-22
EVT-000378,ACC-00490,SUB-000309,new,287.85,2026-06-01
EVT-000379,ACC-01212,SUB-000310,new,98.56,2025-07-29
EVT-000380,ACC-01212,SUB-000310,churn,-98.56,2026-04-25
EVT-000381,ACC-01512,SUB-000311,new,91.69,2024-04-25
EVT-000382,ACC-01416,SUB-000312,new,93.58,2025-07-24
EVT-000383,ACC-00142,SUB-000313,new,105.92,2026-05-06
EVT-000384,ACC-00340,SUB-000314,new,108.49,2025-01-16
EVT-000385,ACC-00340,SUB-000314,expansion,18.84,2026-01-12
EVT-000386,ACC-01408,SUB-000315,new,100.23,2024-11-11
EVT-000387,ACC-01562,SUB-000316,new,577.96,2025-04-02
EVT-000388,ACC-01473,SUB-000317,new,109.65,2024-11-27
EVT-000389,ACC-01645,SUB-000318,new,475.55,2024-02-07
EVT-000390,ACC-01645,SUB-000318,churn,-475.55,2024-11-03
EVT-000391,ACC-01537,SUB-000319,new,98.65,2025-03-23
EVT-000392,ACC-01040,SUB-000320,new,118.25,2024-08-31
EVT-000393,ACC-01165,SUB-000321,new,284.59,2024-07-25
EVT-000394,ACC-01723,SUB-000322,new,122.88,2025-08-24
EVT-000395,ACC-00546,SUB-000323,new,115.41,2024-11-26
EVT-000396,ACC-00843,SUB-000324,new,126.12,2026-02-22
EVT-000397,ACC-00477,SUB-000325,new,108.59,2024-08-09
EVT-000398,ACC-00477,SUB-000325,churn,-108.59,2025-10-03
EVT-000399,ACC-01505,SUB-000326,new,98.25,2025-10-11
EVT-000400,ACC-01596,SUB-000327,new,117.94,2026-03-10
EVT-000401,ACC-01461,SUB-000328,new,90.85,2024-07-05
EVT-000402,ACC-01640,SUB-000329,new,274.77,2025-05-10
EVT-000403,ACC-01539,SUB-000330,new,209.36,2024-06-26
EVT-000404,ACC-01756,SUB-000331,new,116.39,2024-11-18
EVT-000405,ACC-00410,SUB-000332,new,91.53,2025-08-23
EVT-000406,ACC-01342,SUB-000333,new,124.21,2024-12-28
EVT-000407,ACC-00305,SUB-000334,new,95.93,2026-03-25
EVT-000408,ACC-00171,SUB-000335,new,101.0,2025-05-02
EVT-000409,ACC-01698,SUB-000336,new,111.53,2025-10-13
EVT-000410,ACC-00801,SUB-000337,new,108.79,2024-08-28
EVT-000411,ACC-00801,SUB-000337,expansion,43.23,2025-06-04
EVT-000412,ACC-00801,SUB-000338,new,117.22,2025-10-16
EVT-000413,ACC-00100,SUB-000339,new,113.16,2025-04-17
EVT-000414,ACC-00074,SUB-000340,new,121.0,2025-08-19
EVT-000415,ACC-01199,SUB-000341,new,90.71,2026-05-13
EVT-000416,ACC-01099,SUB-000342,new,95.67,2024-10-29
EVT-000417,ACC-01761,SUB-000343,new,109.23,2024-12-04
EVT-000418,ACC-01687,SUB-000344,new,111.25,2024-10-21
EVT-000419,ACC-01687,SUB-000344,expansion,40.51,2025-11-11
EVT-000420,ACC-00583,SUB-000345,new,89.71,2026-01-13
EVT-000421,ACC-01009,SUB-000346,new,96.21,2026-02-23
EVT-000422,ACC-00294,SUB-000347,new,121.57,2026-05-28
EVT-000423,ACC-00830,SUB-000348,new,234.82,2025-05-25
EVT-000424,ACC-00910,SUB-000349,new,653.37,2024-09-17
EVT-000425,ACC-00513,SUB-000350,new,111.33,2024-02-16
EVT-000426,ACC-01109,SUB-000351,new,113.75,2026-06-20
EVT-000427,ACC-00447,SUB-000352,new,92.13,2025-07-29
EVT-000428,ACC-01681,SUB-000353,new,297.6,2025-01-01
EVT-000429,ACC-00520,SUB-000354,new,90.39,2025-02-17
EVT-000430,ACC-01774,SUB-000355,new,106.57,2025-06-29
EVT-000431,ACC-01081,SUB-000356,new,277.46,2025-09-02
EVT-000432,ACC-01645,SUB-000357,new,121.94,2024-01-17
EVT-000433,ACC-01677,SUB-000358,new,123.64,2024-05-26
EVT-000434,ACC-01677,SUB-000358,churn,-123.64,2024-09-23
EVT-000435,ACC-00428,SUB-000359,new,96.39,2026-03-18
EVT-000436,ACC-00576,SUB-000360,new,104.56,2024-02-18
EVT-000437,ACC-00576,SUB-000360,churn,-104.56,2025-06-12
EVT-000438,ACC-01042,SUB-000361,new,98.58,2025-02-27
EVT-000439,ACC-00801,SUB-000362,new,88.87,2024-05-24
EVT-000440,ACC-00774,SUB-000363,new,603.78,2024-03-23
EVT-000441,ACC-00671,SUB-000364,new,540.87,2025-11-14
EVT-000442,ACC-01230,SUB-000365,new,121.32,2024-09-04
EVT-000443,ACC-00610,SUB-000366,new,105.33,2024-10-21
EVT-000444,ACC-00610,SUB-000366,expansion,25.07,2024-12-30
EVT-000445,ACC-00815,SUB-000367,new,114.77,2024-07-05
EVT-000446,ACC-00815,SUB-000367,expansion,14.18,2025-03-24
EVT-000447,ACC-01416,SUB-000368,new,123.59,2025-02-27
EVT-000448,ACC-01744,SUB-000369,new,128.76,2025-10-24
EVT-000449,ACC-00955,SUB-000370,new,123.13,2025-12-29
EVT-000450,ACC-01081,SUB-000371,new,699.62,2024-05-02
EVT-000451,ACC-00806,SUB-000372,new,247.1,2024-09-16
EVT-000452,ACC-00806,SUB-000372,expansion,93.71,2025-07-25
EVT-000453,ACC-01063,SUB-000373,new,105.52,2026-05-25
EVT-000454,ACC-00054,SUB-000374,new,119.98,2026-04-27
EVT-000455,ACC-01170,SUB-000375,new,121.21,2024-07-31
EVT-000456,ACC-01170,SUB-000375,expansion,26.72,2025-06-22
EVT-000457,ACC-01406,SUB-000376,new,668.02,2024-12-03
EVT-000458,ACC-00184,SUB-000377,new,94.56,2024-08-18
EVT-000459,ACC-00194,SUB-000378,new,111.64,2026-01-20
EVT-000460,ACC-01274,SUB-000379,new,701.15,2024-07-08
EVT-000461,ACC-01274,SUB-000379,expansion,181.13,2025-06-17
EVT-000462,ACC-00125,SUB-000380,new,696.1,2025-05-21
EVT-000463,ACC-00125,SUB-000380,expansion,84.63,2026-03-26
EVT-000464,ACC-00853,SUB-000381,new,118.09,2025-04-17
EVT-000465,ACC-01638,SUB-000382,new,98.18,2026-01-16
EVT-000466,ACC-01004,SUB-000383,new,125.89,2025-12-30
EVT-000467,ACC-01004,SUB-000383,churn,-125.89,2026-06-28
EVT-000468,ACC-01342,SUB-000384,new,123.26,2025-01-05
EVT-000469,ACC-01742,SUB-000385,new,129.8,2024-05-19
EVT-000470,ACC-01242,SUB-000386,new,625.41,2025-04-07
EVT-000471,ACC-00980,SUB-000387,new,88.71,2024-09-11
EVT-000472,ACC-01455,SUB-000388,new,86.67,2025-04-27
EVT-000473,ACC-01579,SUB-000389,new,126.64,2024-07-01
EVT-000474,ACC-00018,SUB-000390,new,99.71,2025-10-24
EVT-000475,ACC-00480,SUB-000391,new,277.03,2025-10-14
EVT-000476,ACC-00756,SUB-000392,new,94.96,2024-06-21
EVT-000477,ACC-01489,SUB-000393,new,95.84,2025-01-19
EVT-000478,ACC-01260,SUB-000394,new,109.45,2025-06-06
EVT-000479,ACC-00814,SUB-000395,new,86.18,2024-06-16
EVT-000480,ACC-00814,SUB-000395,churn,-86.18,2026-01-07
EVT-000481,ACC-01619,SUB-000396,new,113.21,2024-04-23
EVT-000482,ACC-01619,SUB-000396,expansion,24.03,2024-07-16
EVT-000483,ACC-00288,SUB-000397,new,98.75,2025-02-09
EVT-000484,ACC-00542,SUB-000398,new,474.97,2025-09-28
EVT-000485,ACC-00542,SUB-000398,churn,-474.97,2026-05-26
EVT-000486,ACC-00134,SUB-000399,new,87.97,2025-07-28
EVT-000487,ACC-00134,SUB-000399,expansion,19.45,2025-11-14
EVT-000488,ACC-00869,SUB-000400,new,105.92,2025-10-28
EVT-000489,ACC-00980,SUB-000401,new,123.18,2025-05-11
EVT-000490,ACC-00390,SUB-000402,new,86.8,2025-07-05
EVT-000491,ACC-01600,SUB-000403,new,87.97,2024-10-04
EVT-000492,ACC-01728,SUB-000404,new,128.03,2025-12-15
EVT-000493,ACC-00431,SUB-000405,new,103.28,2024-10-19
EVT-000494,ACC-01389,SUB-000406,new,90.15,2024-06-30
EVT-000495,ACC-01389,SUB-000406,churn,-90.15,2025-08-24
EVT-000496,ACC-01190,SUB-000407,new,114.11,2025-10-06
EVT-000497,ACC-01018,SUB-000408,new,114.08,2025-09-27
EVT-000498,ACC-01018,SUB-000408,churn,-114.08,2026-04-25
EVT-000499,ACC-01104,SUB-000409,new,478.95,2026-03-28
EVT-000500,ACC-00851,SUB-000410,new,120.6,2024-11-01
EVT-000501,ACC-01483,SUB-000411,new,125.2,2026-01-03
EVT-000502,ACC-00055,SUB-000412,new,209.29,2025-01-05
EVT-000503,ACC-00965,SUB-000413,new,110.86,2025-08-22
EVT-000504,ACC-01136,SUB-000414,new,101.5,2025-04-06
EVT-000505,ACC-00701,SUB-000415,new,228.65,2026-03-13
EVT-000506,ACC-00319,SUB-000416,new,118.5,2024-05-31
EVT-000507,ACC-00319,SUB-000416,expansion,36.47,2024-07-30
EVT-000508,ACC-01602,SUB-000417,new,88.28,2025-06-13
EVT-000509,ACC-01463,SUB-000418,new,105.76,2025-08-06
EVT-000510,ACC-01463,SUB-000418,expansion,11.6,2025-11-27
EVT-000511,ACC-01573,SUB-000419,new,211.63,2024-07-31
EVT-000512,ACC-00813,SUB-000420,new,467.06,2024-03-18
EVT-000513,ACC-00601,SUB-000421,new,279.58,2024-08-10
EVT-000514,ACC-00601,SUB-000421,churn,-279.58,2026-01-02
EVT-000515,ACC-01030,SUB-000422,new,94.3,2024-11-06
EVT-000516,ACC-01085,SUB-000423,new,107.22,2025-12-25
EVT-000517,ACC-00513,SUB-000424,new,127.07,2024-09-01
EVT-000518,ACC-00637,SUB-000425,new,111.46,2025-09-08
EVT-000519,ACC-00849,SUB-000426,new,103.61,2024-02-19
EVT-000520,ACC-00849,SUB-000426,churn,-103.61,2024-11-15
EVT-000521,ACC-01694,SUB-000427,new,118.88,2024-09-22
EVT-000522,ACC-01694,SUB-000427,expansion,20.45,2025-02-21
EVT-000523,ACC-00814,SUB-000428,new,645.67,2024-05-25
EVT-000524,ACC-00814,SUB-000428,expansion,231.27,2024-11-04
EVT-000525,ACC-00732,SUB-000429,new,231.96,2024-08-12
EVT-000526,ACC-01676,SUB-000430,new,596.83,2024-08-18
EVT-000527,ACC-00102,SUB-000431,new,116.14,2024-06-19
EVT-000528,ACC-01350,SUB-000432,new,110.21,2024-03-15
EVT-000529,ACC-01350,SUB-000432,expansion,34.59,2024-12-09
EVT-000530,ACC-00481,SUB-000433,new,487.59,2026-01-01
EVT-000531,ACC-01648,SUB-000434,new,515.91,2026-02-02
EVT-000532,ACC-00215,SUB-000435,new,120.97,2025-02-27
EVT-000533,ACC-01280,SUB-000436,new,129.79,2024-04-22
EVT-000534,ACC-01280,SUB-000436,expansion,43.16,2024-08-30
EVT-000535,ACC-01593,SUB-000437,new,101.17,2024-12-23
EVT-000536,ACC-01593,SUB-000437,expansion,29.72,2025-03-22
EVT-000537,ACC-01456,SUB-000438,new,302.98,2024-11-01
EVT-000538,ACC-00488,SUB-000439,new,671.28,2024-01-31
EVT-000539,ACC-00809,SUB-000440,new,109.6,2025-12-03
EVT-000540,ACC-00981,SUB-000441,new,126.07,2025-12-14
EVT-000541,ACC-00404,SUB-000442,new,214.64,2024-07-14
EVT-000542,ACC-00303,SUB-000443,new,98.57,2026-04-19
EVT-000543,ACC-00446,SUB-000444,new,633.23,2025-02-15
EVT-000544,ACC-00780,SUB-000445,new,113.27,2024-03-25
EVT-000545,ACC-01437,SUB-000446,new,614.9,2025-06-10
EVT-000546,ACC-00356,SUB-000447,new,562.21,2024-03-01
EVT-000547,ACC-00356,SUB-000447,churn,-562.21,2024-07-29
EVT-000548,ACC-00660,SUB-000448,new,94.76,2025-02-28
EVT-000549,ACC-00660,SUB-000448,expansion,25.58,2025-06-02
EVT-000550,ACC-00559,SUB-000449,new,118.86,2024-10-02
EVT-000551,ACC-01625,SUB-000450,new,523.71,2025-12-21
EVT-000552,ACC-01418,SUB-000451,new,208.51,2024-04-10
EVT-000553,ACC-00946,SUB-000452,new,113.66,2025-05-30
EVT-000554,ACC-00946,SUB-000452,expansion,21.63,2026-01-08
EVT-000555,ACC-01223,SUB-000453,new,101.62,2025-08-14
EVT-000556,ACC-00450,SUB-000454,new,125.98,2025-11-01
EVT-000557,ACC-00739,SUB-000455,new,120.01,2025-09-05
EVT-000558,ACC-00739,SUB-000455,expansion,20.01,2025-12-28
EVT-000559,ACC-00202,SUB-000456,new,121.0,2026-06-01
EVT-000560,ACC-01517,SUB-000457,new,91.26,2024-11-28
EVT-000561,ACC-00009,SUB-000458,new,120.24,2024-08-25
EVT-000562,ACC-00009,SUB-000458,churn,-120.24,2024-11-23
EVT-000563,ACC-01013,SUB-000459,new,101.95,2025-04-29
EVT-000564,ACC-01146,SUB-000460,new,104.0,2024-04-30
EVT-000565,ACC-00101,SUB-000461,new,524.51,2026-04-20
EVT-000566,ACC-00418,SUB-000462,new,118.79,2026-04-23
EVT-000567,ACC-00174,SUB-000463,new,126.33,2024-04-19
EVT-000568,ACC-00606,SUB-000464,new,98.5,2024-10-11
EVT-000569,ACC-00606,SUB-000464,expansion,29.1,2025-06-11
EVT-000570,ACC-01176,SUB-000465,new,209.45,2024-04-27
EVT-000571,ACC-00670,SUB-000466,new,87.51,2025-02-07
EVT-000572,ACC-00434,SUB-000467,new,100.7,2025-03-23
EVT-000573,ACC-00337,SUB-000468,new,94.36,2024-05-23
EVT-000574,ACC-00337,SUB-000468,churn,-94.36,2025-04-18
EVT-000575,ACC-01276,SUB-000469,new,693.05,2025-06-28
EVT-000576,ACC-01276,SUB-000469,expansion,122.15,2026-03-25
EVT-000577,ACC-01494,SUB-000470,new,102.88,2024-10-06
EVT-000578,ACC-01719,SUB-000471,new,651.08,2025-08-10
EVT-000579,ACC-00057,SUB-000472,new,119.47,2024-03-05
EVT-000580,ACC-00619,SUB-000473,new,88.58,2024-09-09
EVT-000581,ACC-00619,SUB-000473,churn,-88.58,2025-10-04
EVT-000582,ACC-01471,SUB-000474,new,115.27,2024-03-26
EVT-000583,ACC-01471,SUB-000474,churn,-115.27,2025-10-17
EVT-000584,ACC-01341,SUB-000475,new,548.69,2024-10-28
EVT-000585,ACC-01341,SUB-000475,churn,-548.69,2025-07-25
EVT-000586,ACC-01285,SUB-000476,new,255.79,2024-04-07
EVT-000587,ACC-01374,SUB-000477,new,101.43,2025-01-07
EVT-000588,ACC-01374,SUB-000477,expansion,18.36,2026-01-02
EVT-000589,ACC-01152,SUB-000478,new,106.45,2026-02-19
EVT-000590,ACC-01395,SUB-000479,new,262.39,2026-02-10
EVT-000591,ACC-01797,SUB-000480,new,92.49,2024-06-30
EVT-000592,ACC-01031,SUB-000481,new,107.94,2025-10-13
EVT-000593,ACC-00031,SUB-000482,new,119.42,2024-06-30
EVT-000594,ACC-01653,SUB-000483,new,100.63,2026-01-05
EVT-000595,ACC-00926,SUB-000484,new,493.79,2025-12-13
EVT-000596,ACC-01483,SUB-000485,new,95.79,2024-08-06
EVT-000597,ACC-00036,SUB-000486,new,129.15,2024-09-12
EVT-000598,ACC-00975,SUB-000487,new,111.82,2025-04-03
EVT-000599,ACC-00975,SUB-000487,expansion,39.05,2026-01-27
EVT-000600,ACC-00904,SUB-000488,new,96.58,2024-08-08
EVT-000601,ACC-01551,SUB-000489,new,95.33,2025-09-30
EVT-000602,ACC-01772,SUB-000490,new,88.1,2024-08-31
EVT-000603,ACC-00990,SUB-000491,new,473.08,2026-02-22
EVT-000604,ACC-01360,SUB-000492,new,215.06,2024-07-25
EVT-000605,ACC-01398,SUB-000493,new,108.73,2024-08-04
EVT-000606,ACC-00246,SUB-000494,new,120.1,2024-08-28
EVT-000607,ACC-00654,SUB-000495,new,257.54,2024-12-03
EVT-000608,ACC-01696,SUB-000496,new,118.32,2024-04-22
EVT-000609,ACC-01563,SUB-000497,new,91.02,2024-10-03
EVT-000610,ACC-00043,SUB-000498,new,114.94,2024-06-02
EVT-000611,ACC-00043,SUB-000498,churn,-114.94,2025-08-26
EVT-000612,ACC-01101,SUB-000499,new,302.68,2025-07-04
EVT-000613,ACC-01101,SUB-000499,expansion,70.54,2025-11-23
EVT-000614,ACC-00796,SUB-000500,new,109.12,2024-11-07
EVT-000615,ACC-00422,SUB-000501,new,104.83,2026-06-16
EVT-000616,ACC-00771,SUB-000502,new,235.49,2024-04-09
EVT-000617,ACC-00771,SUB-000502,expansion,62.69,2024-07-27
EVT-000618,ACC-01219,SUB-000503,new,129.96,2025-04-02
EVT-000619,ACC-01219,SUB-000503,churn,-129.96,2025-07-01
EVT-000620,ACC-01748,SUB-000504,new,92.16,2026-01-17
EVT-000621,ACC-00455,SUB-000505,new,102.1,2026-03-04
EVT-000622,ACC-00703,SUB-000506,new,89.31,2026-05-27
EVT-000623,ACC-01520,SUB-000507,new,89.2,2025-04-17
EVT-000624,ACC-00125,SUB-000508,new,519.15,2026-05-14
EVT-000625,ACC-01199,SUB-000509,new,116.17,2024-11-23
EVT-000626,ACC-01392,SUB-000510,new,617.03,2025-07-17
EVT-000627,ACC-01348,SUB-000511,new,102.44,2024-10-01
EVT-000628,ACC-01430,SUB-000512,new,103.73,2026-03-20
EVT-000629,ACC-01170,SUB-000513,new,98.93,2025-08-20
EVT-000630,ACC-01170,SUB-000513,churn,-98.93,2026-05-17
EVT-000631,ACC-01669,SUB-000514,new,573.02,2026-03-01
EVT-000632,ACC-01079,SUB-000515,new,204.88,2025-07-17
EVT-000633,ACC-00043,SUB-000516,new,117.62,2024-04-20
EVT-000634,ACC-00043,SUB-000516,expansion,29.01,2025-01-30
EVT-000635,ACC-01504,SUB-000517,new,111.46,2025-06-06
EVT-000636,ACC-00082,SUB-000518,new,120.62,2026-03-07
EVT-000637,ACC-00082,SUB-000518,expansion,42.85,2026-05-09
EVT-000638,ACC-00230,SUB-000519,new,128.65,2025-04-10
EVT-000639,ACC-01209,SUB-000520,new,105.07,2024-08-05
EVT-000640,ACC-01209,SUB-000520,churn,-105.07,2025-01-02
EVT-000641,ACC-00618,SUB-000521,new,116.77,2024-06-05
EVT-000642,ACC-00291,SUB-000522,new,116.29,2024-03-02
EVT-000643,ACC-00291,SUB-000522,churn,-116.29,2024-10-28
EVT-000644,ACC-00708,SUB-000523,new,91.37,2024-01-19
EVT-000645,ACC-00256,SUB-000524,new,89.05,2024-02-10
EVT-000646,ACC-00256,SUB-000524,churn,-89.05,2025-10-02
EVT-000647,ACC-00423,SUB-000525,new,120.02,2025-02-19
EVT-000648,ACC-00423,SUB-000525,churn,-120.02,2026-06-14
EVT-000649,ACC-00121,SUB-000526,new,113.94,2024-06-09
EVT-000650,ACC-01613,SUB-000527,new,95.47,2025-03-27
EVT-000651,ACC-01613,SUB-000527,churn,-95.47,2026-06-20
EVT-000652,ACC-00162,SUB-000528,new,286.3,2025-06-30
EVT-000653,ACC-00434,SUB-000529,new,109.7,2024-03-07
EVT-000654,ACC-00128,SUB-000530,new,94.94,2024-12-10
EVT-000655,ACC-00073,SUB-000531,new,115.48,2025-05-20
EVT-000656,ACC-00073,SUB-000531,expansion,20.42,2026-04-10
EVT-000657,ACC-00338,SUB-000532,new,484.9,2024-12-12
EVT-000658,ACC-01031,SUB-000533,new,104.43,2024-02-08
EVT-000659,ACC-00527,SUB-000534,new,509.6,2025-12-02
EVT-000660,ACC-00788,SUB-000535,new,120.32,2025-06-19
EVT-000661,ACC-00452,SUB-000536,new,126.93,2026-06-07
EVT-000662,ACC-00667,SUB-000537,new,121.86,2025-01-07
EVT-000663,ACC-00818,SUB-000538,new,104.81,2026-03-11
EVT-000664,ACC-01663,SUB-000539,new,115.16,2024-10-31
EVT-000665,ACC-00861,SUB-000540,new,96.0,2025-12-13
EVT-000666,ACC-00792,SUB-000541,new,273.08,2024-06-21
EVT-000667,ACC-01773,SUB-000542,new,115.26,2025-01-29
EVT-000668,ACC-00652,SUB-000543,new,88.03,2025-11-26
EVT-000669,ACC-01352,SUB-000544,new,513.25,2024-04-01
EVT-000670,ACC-00742,SUB-000545,new,86.44,2024-09-02
EVT-000671,ACC-00742,SUB-000545,churn,-86.44,2025-04-30
EVT-000672,ACC-01062,SUB-000546,new,120.82,2025-06-06
EVT-000673,ACC-01167,SUB-000547,new,128.71,2026-06-11
EVT-000674,ACC-01524,SUB-000548,new,121.07,2025-03-30
EVT-000675,ACC-01524,SUB-000548,churn,-121.07,2026-02-23
EVT-000676,ACC-00196,SUB-000549,new,92.75,2025-04-21
EVT-000677,ACC-00082,SUB-000550,new,94.36,2025-06-15
EVT-000678,ACC-00082,SUB-000550,churn,-94.36,2025-11-12
EVT-000679,ACC-01591,SUB-000551,new,104.08,2025-09-20
EVT-000680,ACC-00854,SUB-000552,new,260.17,2024-05-04
EVT-000681,ACC-00468,SUB-000553,new,97.27,2026-03-06
EVT-000682,ACC-00869,SUB-000554,new,118.8,2024-03-21
EVT-000683,ACC-00869,SUB-000554,churn,-118.8,2025-09-12
EVT-000684,ACC-00919,SUB-000555,new,113.65,2024-05-13
EVT-000685,ACC-00575,SUB-000556,new,114.93,2024-03-29
EVT-000686,ACC-00575,SUB-000556,expansion,40.76,2024-11-14
EVT-000687,ACC-01569,SUB-000557,new,120.04,2025-06-04
EVT-000688,ACC-00419,SUB-000558,new,567.62,2025-05-16
EVT-000689,ACC-00213,SUB-000559,new,119.51,2026-04-21
EVT-000690,ACC-01005,SUB-000560,new,97.32,2025-10-22
EVT-000691,ACC-00124,SUB-000561,new,271.74,2025-05-05
EVT-000692,ACC-00124,SUB-000561,churn,-271.74,2025-11-01
EVT-000693,ACC-01541,SUB-000562,new,114.1,2025-05-05
EVT-000694,ACC-01117,SUB-000563,new,129.44,2024-04-05
EVT-000695,ACC-01188,SUB-000564,new,85.81,2026-06-07
EVT-000696,ACC-01035,SUB-000565,new,237.25,2026-01-14
EVT-000697,ACC-00519,SUB-000566,new,109.99,2024-02-18
EVT-000698,ACC-00519,SUB-000566,churn,-109.99,2025-08-11
EVT-000699,ACC-01650,SUB-000567,new,91.5,2024-05-27
EVT-000700,ACC-01548,SUB-000568,new,93.82,2025-07-05
EVT-000701,ACC-00431,SUB-000569,new,129.9,2026-01-12
EVT-000702,ACC-01005,SUB-000570,new,607.55,2026-05-22
EVT-000703,ACC-00316,SUB-000571,new,88.97,2025-09-07
EVT-000704,ACC-00988,SUB-000572,new,114.34,2024-06-18
EVT-000705,ACC-00870,SUB-000573,new,116.91,2026-03-26
EVT-000706,ACC-01688,SUB-000574,new,98.55,2025-04-05
EVT-000707,ACC-00820,SUB-000575,new,103.13,2024-02-26
EVT-000708,ACC-00449,SUB-000576,new,96.63,2025-03-18
EVT-000709,ACC-00449,SUB-000576,expansion,32.52,2025-08-18
EVT-000710,ACC-00653,SUB-000577,new,89.32,2026-01-01
EVT-000711,ACC-01642,SUB-000578,new,105.12,2024-06-15
EVT-000712,ACC-01156,SUB-000579,new,479.71,2025-05-27
EVT-000713,ACC-01156,SUB-000579,churn,-479.71,2026-05-22
EVT-000714,ACC-00889,SUB-000580,new,85.6,2024-09-20
EVT-000715,ACC-01512,SUB-000581,new,284.67,2025-07-05
EVT-000716,ACC-01512,SUB-000581,churn,-284.67,2026-01-31
EVT-000717,ACC-00786,SUB-000582,new,91.74,2026-06-23
EVT-000718,ACC-00557,SUB-000583,new,235.42,2026-05-02
EVT-000719,ACC-00631,SUB-000584,new,265.69,2024-10-22
EVT-000720,ACC-00631,SUB-000584,expansion,27.54,2025-05-26
EVT-000721,ACC-00689,SUB-000585,new,120.36,2026-04-29
EVT-000722,ACC-00312,SUB-000586,new,88.72,2025-05-19
EVT-000723,ACC-00371,SUB-000587,new,242.1,2024-04-04
EVT-000724,ACC-00371,SUB-000587,expansion,37.85,2024-06-27
EVT-000725,ACC-00985,SUB-000588,new,126.69,2025-05-29
EVT-000726,ACC-00699,SUB-000589,new,294.8,2024-04-04
EVT-000727,ACC-01267,SUB-000590,new,97.67,2025-07-07
EVT-000728,ACC-01585,SUB-000591,new,104.25,2025-05-23
EVT-000729,ACC-00336,SUB-000592,new,246.24,2026-01-28
EVT-000730,ACC-01271,SUB-000593,new,116.45,2024-01-29
EVT-000731,ACC-01778,SUB-000594,new,108.5,2025-12-30
EVT-000732,ACC-00699,SUB-000595,new,113.56,2025-12-24
EVT-000733,ACC-00256,SUB-000596,new,211.39,2025-06-04
EVT-000734,ACC-00885,SUB-000597,new,128.33,2025-04-06
EVT-000735,ACC-00885,SUB-000597,expansion,38.37,2025-11-12
EVT-000736,ACC-01061,SUB-000598,new,205.86,2024-07-14
EVT-000737,ACC-01061,SUB-000598,churn,-205.86,2025-01-10
EVT-000738,ACC-01007,SUB-000599,new,110.82,2025-01-05
EVT-000739,ACC-01007,SUB-000599,churn,-110.82,2026-05-30
EVT-000740,ACC-01587,SUB-000600,new,109.71,2026-03-15
EVT-000741,ACC-01780,SUB-000601,new,108.42,2025-05-07
EVT-000742,ACC-01462,SUB-000602,new,111.75,2025-07-02
EVT-000743,ACC-00006,SUB-000603,new,112.46,2025-05-05
EVT-000744,ACC-00364,SUB-000604,new,129.76,2025-05-03
EVT-000745,ACC-01330,SUB-000605,new,105.89,2026-02-03
EVT-000746,ACC-00731,SUB-000606,new,682.44,2025-12-15
EVT-000747,ACC-01266,SUB-000607,new,241.16,2024-05-18
EVT-000748,ACC-01394,SUB-000608,new,120.38,2024-01-24
EVT-000749,ACC-01678,SUB-000609,new,91.3,2025-02-07
EVT-000750,ACC-01678,SUB-000609,churn,-91.3,2025-10-05
EVT-000751,ACC-01193,SUB-000610,new,121.59,2025-04-16
EVT-000752,ACC-01222,SUB-000611,new,100.98,2025-11-08
EVT-000753,ACC-00532,SUB-000612,new,121.85,2026-01-27
EVT-000754,ACC-01286,SUB-000613,new,98.27,2024-01-28
EVT-000755,ACC-01286,SUB-000613,churn,-98.27,2024-09-24
EVT-000756,ACC-00507,SUB-000614,new,98.2,2024-04-12
EVT-000757,ACC-00332,SUB-000615,new,104.33,2024-12-22
EVT-000758,ACC-00332,SUB-000615,churn,-104.33,2026-06-15
EVT-000759,ACC-00797,SUB-000616,new,621.81,2024-03-06
EVT-000760,ACC-01092,SUB-000617,new,89.0,2024-04-07
EVT-000761,ACC-01738,SUB-000618,new,220.04,2025-11-07
EVT-000762,ACC-00038,SUB-000619,new,87.03,2025-09-21
EVT-000763,ACC-00388,SUB-000620,new,92.25,2025-01-23
EVT-000764,ACC-01605,SUB-000621,new,121.17,2026-06-06
EVT-000765,ACC-00621,SUB-000622,new,116.47,2025-07-07
EVT-000766,ACC-01626,SUB-000623,new,109.66,2025-10-24
EVT-000767,ACC-01446,SUB-000624,new,124.0,2024-05-21
EVT-000768,ACC-01446,SUB-000624,churn,-124.0,2025-06-15
EVT-000769,ACC-01226,SUB-000625,new,517.86,2026-02-28
EVT-000770,ACC-01564,SUB-000626,new,219.16,2025-04-30
EVT-000771,ACC-00177,SUB-000627,new,95.37,2024-04-11
EVT-000772,ACC-00596,SUB-000628,new,114.52,2024-10-10
EVT-000773,ACC-00405,SUB-000629,new,675.04,2026-03-06
EVT-000774,ACC-01679,SUB-000630,new,98.78,2024-10-10
EVT-000775,ACC-00377,SUB-000631,new,99.63,2025-04-19
EVT-000776,ACC-01562,SUB-000632,new,123.2,2026-06-03
EVT-000777,ACC-00728,SUB-000633,new,514.34,2025-12-23
EVT-000778,ACC-00728,SUB-000633,expansion,65.13,2026-06-08
EVT-000779,ACC-00362,SUB-000634,new,554.88,2025-06-01
EVT-000780,ACC-00014,SUB-000635,new,690.82,2025-05-30
EVT-000781,ACC-01512,SUB-000636,new,301.23,2024-11-03
EVT-000782,ACC-01614,SUB-000637,new,106.97,2025-02-03
EVT-000783,ACC-01614,SUB-000637,churn,-106.97,2025-10-31
EVT-000784,ACC-00992,SUB-000638,new,123.55,2024-05-17
EVT-000785,ACC-01195,SUB-000639,new,103.84,2024-07-30
EVT-000786,ACC-00755,SUB-000640,new,117.93,2024-01-30
EVT-000787,ACC-00755,SUB-000640,churn,-117.93,2025-07-23
EVT-000788,ACC-00089,SUB-000641,new,674.54,2026-06-20
EVT-000789,ACC-01505,SUB-000642,new,86.1,2024-07-31
EVT-000790,ACC-01705,SUB-000643,new,115.92,2024-12-04
EVT-000791,ACC-01214,SUB-000644,new,87.06,2026-04-12
EVT-000792,ACC-00420,SUB-000645,new,95.09,2025-08-19
EVT-000793,ACC-00420,SUB-000645,expansion,12.29,2025-11-28
EVT-000794,ACC-01108,SUB-000646,new,128.08,2026-04-15
EVT-000795,ACC-00897,SUB-000647,new,109.81,2025-01-24
EVT-000796,ACC-00897,SUB-000647,expansion,16.65,2025-12-11
EVT-000797,ACC-01737,SUB-000648,new,96.71,2025-03-13
EVT-000798,ACC-01737,SUB-000648,churn,-96.71,2025-09-09
EVT-000799,ACC-01043,SUB-000649,new,125.43,2025-11-21
EVT-000800,ACC-00448,SUB-000650,new,116.75,2025-12-23
EVT-000801,ACC-00839,SUB-000651,new,115.77,2026-03-08
EVT-000802,ACC-01770,SUB-000652,new,107.77,2024-10-03
EVT-000803,ACC-01770,SUB-000652,churn,-107.77,2025-11-27
EVT-000804,ACC-01797,SUB-000653,new,104.42,2024-08-17
EVT-000805,ACC-00645,SUB-000654,new,97.73,2025-10-11
EVT-000806,ACC-00645,SUB-000654,churn,-97.73,2026-06-08
EVT-000807,ACC-01068,SUB-000655,new,101.54,2024-08-09
EVT-000808,ACC-01044,SUB-000656,new,299.33,2026-01-28
EVT-000809,ACC-00818,SUB-000657,new,89.28,2026-01-09
EVT-000810,ACC-01749,SUB-000658,new,268.63,2025-10-30
EVT-000811,ACC-00213,SUB-000659,new,471.09,2026-04-22
EVT-000812,ACC-01631,SUB-000660,new,279.01,2025-11-25
EVT-000813,ACC-00287,SUB-000661,new,99.7,2025-07-02
EVT-000814,ACC-00604,SUB-000662,new,88.07,2025-02-15
EVT-000815,ACC-00883,SUB-000663,new,219.77,2025-02-01
EVT-000816,ACC-00449,SUB-000664,new,463.75,2024-05-14
EVT-000817,ACC-00449,SUB-000664,expansion,175.51,2024-10-13
EVT-000818,ACC-00096,SUB-000665,new,126.27,2025-07-23
EVT-000819,ACC-00096,SUB-000665,churn,-126.27,2026-02-18
EVT-000820,ACC-00861,SUB-000666,new,103.39,2025-12-02
EVT-000821,ACC-00692,SUB-000667,new,98.29,2025-04-30
EVT-000822,ACC-01343,SUB-000668,new,119.26,2024-08-18
EVT-000823,ACC-00142,SUB-000669,new,108.7,2025-08-28
EVT-000824,ACC-00142,SUB-000669,churn,-108.7,2026-03-26
EVT-000825,ACC-00920,SUB-000670,new,85.98,2025-08-08
EVT-000826,ACC-00233,SUB-000671,new,126.45,2025-03-17
EVT-000827,ACC-00435,SUB-000672,new,90.29,2026-01-06
EVT-000828,ACC-01117,SUB-000673,new,128.54,2025-02-15
EVT-000829,ACC-00665,SUB-000674,new,103.24,2024-03-27
EVT-000830,ACC-00665,SUB-000674,churn,-103.24,2025-09-18
EVT-000831,ACC-00486,SUB-000675,new,125.38,2025-01-07
EVT-000832,ACC-00401,SUB-000676,new,85.26,2024-03-25
EVT-000833,ACC-00439,SUB-000677,new,118.6,2025-06-09
EVT-000834,ACC-01551,SUB-000678,new,506.62,2024-10-20
EVT-000835,ACC-01090,SUB-000679,new,97.04,2025-06-22
EVT-000836,ACC-01090,SUB-000679,churn,-97.04,2026-04-18
EVT-000837,ACC-01555,SUB-000680,new,627.22,2025-07-27
EVT-000838,ACC-01200,SUB-000681,new,108.2,2024-10-08
EVT-000839,ACC-01404,SUB-000682,new,118.83,2025-11-26
EVT-000840,ACC-01371,SUB-000683,new,669.95,2024-11-26
EVT-000841,ACC-00325,SUB-000684,new,124.26,2025-09-13
EVT-000842,ACC-00635,SUB-000685,new,87.78,2025-05-11
EVT-000843,ACC-01530,SUB-000686,new,563.48,2024-04-10
EVT-000844,ACC-00749,SUB-000687,new,501.46,2026-03-10
EVT-000845,ACC-00422,SUB-000688,new,90.74,2024-08-27
EVT-000846,ACC-01079,SUB-000689,new,98.43,2025-11-01
EVT-000847,ACC-01424,SUB-000690,new,113.52,2024-04-14
EVT-000848,ACC-01424,SUB-000690,expansion,40.16,2024-09-30
EVT-000849,ACC-01241,SUB-000691,new,85.3,2024-12-18
EVT-000850,ACC-01457,SUB-000692,new,100.0,2024-10-25
EVT-000851,ACC-00055,SUB-000693,new,127.02,2026-05-01
EVT-000852,ACC-00287,SUB-000694,new,118.74,2025-10-25
EVT-000853,ACC-01570,SUB-000695,new,104.11,2025-09-19
EVT-000854,ACC-00146,SUB-000696,new,89.15,2025-11-24
EVT-000855,ACC-01158,SUB-000697,new,106.92,2025-04-23
EVT-000856,ACC-01158,SUB-000697,churn,-106.92,2026-03-19
EVT-000857,ACC-01163,SUB-000698,new,103.13,2025-12-20
EVT-000858,ACC-01463,SUB-000699,new,125.68,2025-11-07
EVT-000859,ACC-01463,SUB-000699,churn,-125.68,2026-04-06
EVT-000860,ACC-01046,SUB-000700,new,106.36,2025-12-18
EVT-000861,ACC-00337,SUB-000701,new,90.2,2024-03-21
EVT-000862,ACC-01499,SUB-000702,new,94.69,2025-04-30
EVT-000863,ACC-01499,SUB-000702,expansion,25.51,2025-11-15
EVT-000864,ACC-00423,SUB-000703,new,90.78,2026-03-17
EVT-000865,ACC-01562,SUB-000704,new,93.67,2024-09-26
EVT-000866,ACC-01562,SUB-000704,churn,-93.67,2025-05-24
EVT-000867,ACC-00078,SUB-000705,new,86.99,2025-08-11
EVT-000868,ACC-00624,SUB-000706,new,580.6,2024-12-13
EVT-000869,ACC-00458,SUB-000707,new,259.05,2026-02-10
EVT-000870,ACC-00885,SUB-000708,new,111.62,2024-01-19
EVT-000871,ACC-00885,SUB-000708,expansion,27.43,2024-09-30
EVT-000872,ACC-00783,SUB-000709,new,103.72,2026-01-05
EVT-000873,ACC-00177,SUB-000710,new,95.17,2024-07-16
EVT-000874,ACC-00090,SUB-000711,new,87.97,2025-12-27
EVT-000875,ACC-00637,SUB-000712,new,609.92,2026-04-18
EVT-000876,ACC-01029,SUB-000713,new,87.8,2025-10-03
EVT-000877,ACC-01540,SUB-000714,new,122.72,2024-08-15
EVT-000878,ACC-01540,SUB-000714,expansion,43.48,2025-01-06
EVT-000879,ACC-01410,SUB-000715,new,297.45,2024-11-09
EVT-000880,ACC-01410,SUB-000715,expansion,87.09,2025-06-03
EVT-000881,ACC-01272,SUB-000716,new,129.9,2026-01-30
EVT-000882,ACC-01096,SUB-000717,new,101.96,2024-06-15
EVT-000883,ACC-00942,SUB-000718,new,541.41,2026-05-29
EVT-000884,ACC-01635,SUB-000719,new,113.29,2025-01-16
EVT-000885,ACC-01424,SUB-000720,new,621.84,2025-12-22
EVT-000886,ACC-00585,SUB-000721,new,116.65,2026-01-28
EVT-000887,ACC-00585,SUB-000721,expansion,29.84,2026-04-22
EVT-000888,ACC-01264,SUB-000722,new,116.32,2026-02-21
EVT-000889,ACC-01422,SUB-000723,new,112.31,2025-12-18
EVT-000890,ACC-00336,SUB-000724,new,520.52,2025-05-12
EVT-000891,ACC-00336,SUB-000724,expansion,159.55,2026-01-27
EVT-000892,ACC-00130,SUB-000725,new,90.0,2025-02-10
EVT-000893,ACC-00046,SUB-000726,new,109.99,2025-01-01
EVT-000894,ACC-01327,SUB-000727,new,238.74,2026-05-09
EVT-000895,ACC-01778,SUB-000728,new,128.94,2026-01-18
EVT-000896,ACC-00179,SUB-000729,new,116.06,2026-02-03
EVT-000897,ACC-00040,SUB-000730,new,93.07,2024-07-07
EVT-000898,ACC-00040,SUB-000730,churn,-93.07,2025-11-29
EVT-000899,ACC-00648,SUB-000731,new,96.95,2025-01-03
EVT-000900,ACC-00967,SUB-000732,new,114.12,2026-01-01
EVT-000901,ACC-01343,SUB-000733,new,107.22,2026-02-10
EVT-000902,ACC-01007,SUB-000734,new,127.7,2024-10-27
EVT-000903,ACC-00159,SUB-000735,new,109.63,2024-10-03
EVT-000904,ACC-01665,SUB-000736,new,106.97,2026-02-18
EVT-000905,ACC-01665,SUB-000736,expansion,27.77,2026-05-21
EVT-000906,ACC-01352,SUB-000737,new,125.78,2025-01-11
EVT-000907,ACC-00283,SUB-000738,new,637.14,2025-08-25
EVT-000908,ACC-00977,SUB-000739,new,97.74,2025-11-02
EVT-000909,ACC-00185,SUB-000740,new,88.51,2024-03-30
EVT-000910,ACC-01061,SUB-000741,new,92.73,2024-08-22
EVT-000911,ACC-01762,SUB-000742,new,106.33,2024-12-30
EVT-000912,ACC-01441,SUB-000743,new,269.6,2024-05-09
EVT-000913,ACC-00171,SUB-000744,new,125.62,2024-04-10
EVT-000914,ACC-01124,SUB-000745,new,105.27,2025-03-12
EVT-000915,ACC-00541,SUB-000746,new,474.58,2024-10-25
EVT-000916,ACC-01218,SUB-000747,new,108.6,2026-06-11
EVT-000917,ACC-01108,SUB-000748,new,127.05,2025-02-24
EVT-000918,ACC-01343,SUB-000749,new,101.9,2026-06-10
EVT-000919,ACC-01502,SUB-000750,new,105.8,2025-08-11
EVT-000920,ACC-01636,SUB-000751,new,110.81,2025-11-09
EVT-000921,ACC-00800,SUB-000752,new,96.55,2025-08-20
EVT-000922,ACC-00610,SUB-000753,new,128.96,2024-04-11
EVT-000923,ACC-00657,SUB-000754,new,280.61,2025-01-17
EVT-000924,ACC-00942,SUB-000755,new,617.91,2025-01-23
EVT-000925,ACC-00942,SUB-000755,churn,-617.91,2026-02-17
EVT-000926,ACC-00356,SUB-000756,new,90.72,2024-03-22
EVT-000927,ACC-01587,SUB-000757,new,92.47,2024-03-06
EVT-000928,ACC-01587,SUB-000757,churn,-92.47,2025-07-29
EVT-000929,ACC-01504,SUB-000758,new,126.58,2024-05-27
EVT-000930,ACC-01504,SUB-000758,churn,-126.58,2024-10-24
EVT-000931,ACC-00775,SUB-000759,new,87.12,2026-04-27
EVT-000932,ACC-00180,SUB-000760,new,109.58,2024-05-25
EVT-000933,ACC-00180,SUB-000760,expansion,30.12,2024-08-26
EVT-000934,ACC-00268,SUB-000761,new,128.18,2024-03-09
EVT-000935,ACC-01257,SUB-000762,new,120.71,2026-03-16
EVT-000936,ACC-00160,SUB-000763,new,115.65,2026-01-25
EVT-000937,ACC-00432,SUB-000764,new,119.76,2025-03-08
EVT-000938,ACC-00017,SUB-000765,new,253.86,2026-03-11
EVT-000939,ACC-00722,SUB-000766,new,104.07,2026-02-28
EVT-000940,ACC-01115,SUB-000767,new,113.93,2025-12-09
EVT-000941,ACC-00546,SUB-000768,new,105.43,2026-03-05
EVT-000942,ACC-00450,SUB-000769,new,492.02,2025-12-20
EVT-000943,ACC-00302,SUB-000770,new,104.87,2025-07-23
EVT-000944,ACC-01604,SUB-000771,new,127.07,2025-09-24
EVT-000945,ACC-01156,SUB-000772,new,538.53,2024-08-21
EVT-000946,ACC-00719,SUB-000773,new,570.69,2024-10-25
EVT-000947,ACC-00719,SUB-000773,expansion,110.19,2025-08-08
EVT-000948,ACC-01068,SUB-000774,new,90.77,2025-03-29
EVT-000949,ACC-01460,SUB-000775,new,126.51,2025-09-08
EVT-000950,ACC-01460,SUB-000775,expansion,44.33,2026-01-31
EVT-000951,ACC-00107,SUB-000776,new,129.81,2026-01-12
EVT-000952,ACC-00885,SUB-000777,new,87.77,2025-07-10
EVT-000953,ACC-00974,SUB-000778,new,113.34,2025-05-16
EVT-000954,ACC-00549,SUB-000779,new,117.72,2024-07-25
EVT-000955,ACC-01643,SUB-000780,new,123.74,2025-03-26
EVT-000956,ACC-01490,SUB-000781,new,583.0,2025-02-17
EVT-000957,ACC-01601,SUB-000782,new,117.8,2025-04-05
EVT-000958,ACC-01149,SUB-000783,new,259.83,2025-10-06
EVT-000959,ACC-01573,SUB-000784,new,108.05,2024-08-26
EVT-000960,ACC-01573,SUB-000784,churn,-108.05,2026-02-17
EVT-000961,ACC-00070,SUB-000785,new,85.62,2024-07-14
EVT-000962,ACC-01432,SUB-000786,new,628.99,2025-10-24
EVT-000963,ACC-01432,SUB-000786,expansion,128.12,2026-04-22
EVT-000964,ACC-01695,SUB-000787,new,98.34,2026-04-20
